"";"date";"gesamt"
"1";2011-07-08;2072
"2";2011-07-09;3210
"3";2011-07-10;2281
"4";2011-07-11;4437
"5";2011-07-12;5815
"6";2011-07-13;2783
"7";2011-07-14;3243
"8";2011-07-15;3737
"9";2011-07-16;3822
"10";2011-07-17;2085
"11";2011-07-18;2772
"12";2011-07-19;4662
"13";2011-07-20;1278
"14";2011-07-21;3490
"15";2011-07-22;2329
"16";2011-07-23;1340
"17";2011-07-24;1240
"18";2011-07-25;3570
"19";2011-07-26;5043
"20";2011-07-27;4882
"21";2011-07-28;3224
"22";2011-07-29;3096
"23";2011-07-30;2033
"24";2011-07-31;2522
"25";2011-08-01;3934
"26";2011-08-02;5063
"27";2011-08-03;3667
"28";2011-08-04;3088
"29";2011-08-05;3007
"30";2011-08-06;3323
"31";2011-08-07;711
"32";2011-08-08;2363
"33";2011-08-09;2890
"34";2011-08-10;3510
"35";2011-08-11;3995
"36";2011-08-12;3793
"37";2011-08-13;2441
"38";2011-08-14;2217
"39";2011-08-15;963
"40";2011-08-16;4046
"41";2011-08-17;4298
"42";2011-08-18;4360
"43";2011-08-19;2672
"44";2011-08-20;3112
"45";2011-08-21;2703
"46";2011-08-22;3994
"47";2011-08-23;4002
"48";2011-08-24;3886
"49";2011-08-25;4180
"50";2011-08-26;3853
"51";2011-08-27;1112
"52";2011-08-28;2545
"53";2011-08-29;3878
"54";2011-08-30;3708
"55";2011-08-31;4095
"56";2011-09-01;2805
"57";2011-09-02;3176
"58";2011-09-03;3348
"59";2011-09-04;2251
"60";2011-09-05;1283
"61";2011-09-06;4074
"62";2011-09-07;2759
"63";2011-09-08;2140
"64";2011-09-09;3056
"65";2011-09-10;3530
"66";2011-09-11;2970
"67";2011-09-12;4101
"68";2011-09-13;4850
"69";2011-09-14;2549
"70";2011-09-15;4355
"71";2011-09-16;4472
"72";2011-09-17;2990
"73";2011-09-18;573
"74";2011-09-19;1456
"75";2011-09-20;2992
"76";2011-09-21;4263
"77";2011-09-22;4013
"78";2011-09-23;4055
"79";2011-09-24;3256
"80";2011-09-25;3163
"81";2011-09-26;4606
"82";2011-09-27;4756
"83";2011-09-28;4586
"84";2011-09-29;4370
"85";2011-09-30;4485
"86";2011-10-01;3269
"87";2011-10-02;2806
"88";2011-10-03;3303
"89";2011-10-04;4502
"90";2011-10-05;4173
"91";2011-10-06;4039
"92";2011-10-07;1822
"93";2011-10-08;831
"94";2011-10-09;1147
"95";2011-10-10;1548
"96";2011-10-11;3380
"97";2011-10-12;2814
"98";2011-10-13;2035
"99";2011-10-14;3190
"100";2011-10-15;1867
"101";2011-10-16;1553
"102";2011-10-17;2772
"103";2011-10-18;3730
"104";2011-10-19;2476
"105";2011-10-20;2512
"106";2011-10-21;2770
"107";2011-10-22;1704
"108";2011-10-23;1504
"109";2011-10-24;2992
"110";2011-10-25;3077
"111";2011-10-26;2200
"112";2011-10-27;2822
"113";2011-10-28;2980
"114";2011-10-29;1893
"115";2011-10-30;1238
"116";2011-10-31;2214
"117";2011-11-01;1334
"118";2011-11-02;2566
"119";2011-11-03;2716
"120";2011-11-04;2603
"121";2011-11-05;2146
"122";2011-11-06;1644
"123";2011-11-07;2882
"124";2011-11-08;3198
"125";2011-11-09;2940
"126";2011-11-10;2659
"127";2011-11-11;2329
"128";2011-11-12;1682
"129";2011-11-13;1086
"130";2011-11-14;2629
"131";2011-11-15;2525
"132";2011-11-16;2094
"133";2011-11-17;2589
"134";2011-11-18;2584
"135";2011-11-19;1586
"136";2011-11-20;1078
"137";2011-11-21;2611
"138";2011-11-22;2733
"139";2011-11-23;2206
"140";2011-11-24;2309
"141";2011-11-25;2165
"142";2011-11-26;1218
"143";2011-11-27;1198
"144";2011-11-28;2548
"145";2011-11-29;2758
"146";2011-11-30;2597
"147";2011-12-01;2647
"148";2011-12-02;2670
"149";2011-12-03;1280
"150";2011-12-04;733
"151";2011-12-05;1565
"152";2011-12-06;1624
"153";2011-12-07;1320
"154";2011-12-08;2054
"155";2011-12-09;1875
"156";2011-12-10;485
"157";2011-12-11;673
"158";2011-12-12;1599
"159";2011-12-13;1953
"160";2011-12-14;1841
"161";2011-12-15;1877
"162";2011-12-16;1189
"163";2011-12-17;802
"164";2011-12-18;506
"165";2011-12-19;1039
"166";2011-12-20;922
"167";2011-12-21;922
"168";2011-12-22;932
"169";2011-12-23;1037
"170";2011-12-24;471
"171";2011-12-25;282
"172";2011-12-26;373
"173";2011-12-27;989
"174";2011-12-28;1069
"175";2011-12-29;956
"176";2011-12-30;741
"177";2011-12-31;351
"178";2012-01-01;358
"179";2012-01-02;1124
"180";2012-01-03;1412
"181";2012-01-04;776
"182";2012-01-05;522
"183";2012-01-06;301
"184";2012-01-07;552
"185";2012-01-08;325
"186";2012-01-09;1309
"187";2012-01-10;1427
"188";2012-01-11;1816
"189";2012-01-12;1875
"190";2012-01-13;1367
"191";2012-01-14;625
"192";2012-01-15;471
"193";2012-01-16;1319
"194";2012-01-17;1459
"195";2012-01-18;1569
"196";2012-01-19;1117
"197";2012-01-20;920
"198";2012-01-21;291
"199";2012-01-22;472
"200";2012-01-23;1167
"201";2012-01-24;956
"202";2012-01-25;1068
"203";2012-01-26;1079
"204";2012-01-27;1086
"205";2012-01-28;361
"206";2012-01-29;292
"207";2012-01-30;936
"208";2012-01-31;976
"209";2012-02-01;834
"210";2012-02-02;735
"211";2012-02-03;540
"212";2012-02-04;274
"213";2012-02-05;173
"214";2012-02-06;582
"215";2012-02-07;318
"216";2012-02-08;356
"217";2012-02-09;367
"218";2012-02-10;137
"219";2012-02-11;33
"220";2012-02-12;5
"221";2012-02-13;124
"222";2012-02-14;305
"223";2012-02-15;271
"224";2012-02-16;361
"225";2012-02-17;490
"226";2012-02-18;514
"227";2012-02-19;259
"228";2012-02-20;514
"229";2012-02-21;815
"230";2012-02-22;1045
"231";2012-02-23;978
"232";2012-02-24;1429
"233";2012-02-25;776
"234";2012-02-26;505
"235";2012-02-27;1502
"236";2012-02-28;1495
"237";2012-02-29;1832
"238";2012-03-01;2383
"239";2012-03-02;2255
"240";2012-03-03;1732
"241";2012-03-04;796
"242";2012-03-05;1265
"243";2012-03-06;1981
"244";2012-03-07;2274
"245";2012-03-08;1120
"246";2012-03-09;1988
"247";2012-03-10;1729
"248";2012-03-11;506
"249";2012-03-12;1671
"250";2012-03-13;2386
"251";2012-03-14;2738
"252";2012-03-15;3019
"253";2012-03-16;3331
"254";2012-03-17;2806
"255";2012-03-18;2131
"256";2012-03-19;1359
"257";2012-03-20;3075
"258";2012-03-21;3335
"259";2012-03-22;3403
"260";2012-03-23;3433
"261";2012-03-24;1962
"262";2012-03-25;2312
"263";2012-03-26;3463
"264";2012-03-27;3769
"265";2012-03-28;3769
"266";2012-03-29;3264
"267";2012-03-30;1741
"268";2012-03-31;1701
"269";2012-04-01;1799
"270";2012-04-02;2980
"271";2012-04-03;2500
"272";2012-04-04;2929
"273";2012-04-05;1764
"274";2012-04-06;376
"275";2012-04-07;911
"276";2012-04-08;387
"277";2012-04-09;729
"278";2012-04-10;2853
"279";2012-04-11;1577
"280";2012-04-12;2455
"281";2012-04-13;1614
"282";2012-04-14;1405
"283";2012-04-15;592
"284";2012-04-16;1220
"285";2012-04-17;2988
"286";2012-04-18;2565
"287";2012-04-19;3396
"288";2012-04-20;2189
"289";2012-04-21;2918
"290";2012-04-22;994
"291";2012-04-23;3375
"292";2012-04-24;2162
"293";2012-04-25;4140
"294";2012-04-26;4605
"295";2012-04-27;4609
"296";2012-04-28;3976
"297";2012-04-29;2392
"298";2012-04-30;4653
"299";2012-05-01;3787
"300";2012-05-02;4817
"301";2012-05-03;3914
"302";2012-05-04;5039
"303";2012-05-05;2213
"304";2012-05-06;846
"305";2012-05-07;3726
"306";2012-05-08;5133
"307";2012-05-09;3598
"308";2012-05-10;5347
"309";2012-05-11;5144
"310";2012-05-12;990
"311";2012-05-13;1783
"312";2012-05-14;4392
"313";2012-05-15;3901
"314";2012-05-16;1951
"315";2012-05-17;1917
"316";2012-05-18;3331
"317";2012-05-19;3580
"318";2012-05-20;2995
"319";2012-05-21;4196
"320";2012-05-22;4189
"321";2012-05-23;4329
"322";2012-05-24;4484
"323";2012-05-25;4811
"324";2012-05-26;3375
"325";2012-05-27;2625
"326";2012-05-28;2357
"327";2012-05-29;2926
"328";2012-05-30;3043
"329";2012-05-31;3265
"330";2012-06-01;2517
"331";2012-06-02;2912
"332";2012-06-03;1465
"333";2012-06-04;1565
"334";2012-06-05;2993
"335";2012-06-06;2654
"336";2012-06-07;2691
"337";2012-06-08;1718
"338";2012-06-09;1585
"339";2012-06-10;1048
"340";2012-06-11;3151
"341";2012-06-12;2563
"342";2012-06-13;2437
"343";2012-06-14;4252
"344";2012-06-15;4711
"345";2012-06-16;3707
"346";2012-06-17;3331
"347";2012-06-18;5292
"348";2012-06-19;4828
"349";2012-06-20;3630
"350";2012-06-21;4698
"351";2012-06-22;4406
"352";2012-06-23;3600
"353";2012-06-24;2973
"354";2012-06-25;2168
"355";2012-06-26;4952
"356";2012-06-27;5047
"357";2012-06-28;5390
"358";2012-06-29;3887
"359";2012-06-30;3739
"360";2012-07-01;2462
"361";2012-07-02;3085
"362";2012-07-03;3757
"363";2012-07-04;4931
"364";2012-07-05;4934
"365";2012-07-06;3920
"366";2012-07-07;2870
"367";2012-07-08;2834
"368";2012-07-09;4314
"369";2012-07-10;4879
"370";2012-07-11;3762
"371";2012-07-12;4441
"372";2012-07-13;3004
"373";2012-07-14;2236
"374";2012-07-15;1604
"375";2012-07-16;3773
"376";2012-07-17;4025
"377";2012-07-18;5110
"378";2012-07-19;4434
"379";2012-07-20;3073
"380";2012-07-21;2197
"381";2012-07-22;2311
"382";2012-07-23;4635
"383";2012-07-24;5432
"384";2012-07-25;4304
"385";2012-07-26;5282
"386";2012-07-27;5121
"387";2012-07-28;2766
"388";2012-07-29;1306
"389";2012-07-30;4763
"390";2012-07-31;5469
"391";2012-08-01;5544
"392";2012-08-02;4621
"393";2012-08-03;3100
"394";2012-08-04;2970
"395";2012-08-05;2529
"396";2012-08-06;2850
"397";2012-08-07;4151
"398";2012-08-08;4387
"399";2012-08-09;4401
"400";2012-08-10;4020
"401";2012-08-11;2985
"402";2012-08-12;2713
"403";2012-08-13;4202
"404";2012-08-14;4328
"405";2012-08-15;2827
"406";2012-08-16;2278
"407";2012-08-17;4086
"408";2012-08-18;3141
"409";2012-08-19;2575
"410";2012-08-20;4167
"411";2012-08-21;4126
"412";2012-08-22;3841
"413";2012-08-23;3399
"414";2012-08-24;2744
"415";2012-08-25;1701
"416";2012-08-26;1267
"417";2012-08-27;3718
"418";2012-08-28;4111
"419";2012-08-29;4007
"420";2012-08-30;2466
"421";2012-08-31;824
"422";2012-09-01;924
"423";2012-09-02;1276
"424";2012-09-03;3046
"425";2012-09-04;3598
"426";2012-09-05;3419
"427";2012-09-06;3442
"428";2012-09-07;3871
"429";2012-09-08;3127
"430";2012-09-09;2826
"431";2012-09-10;4282
"432";2012-09-11;4112
"433";2012-09-12;1504
"434";2012-09-13;2949
"435";2012-09-14;3767
"436";2012-09-15;2364
"437";2012-09-16;2443
"438";2012-09-17;4232
"439";2012-09-18;4755
"440";2012-09-19;1859
"441";2012-09-20;3855
"442";2012-09-21;3938
"443";2012-09-22;1129
"444";2012-09-23;2782
"445";2012-09-24;3307
"446";2012-09-25;4562
"447";2012-09-26;4361
"448";2012-09-27;2860
"449";2012-09-28;3980
"450";2012-09-29;1796
"451";2012-09-30;1598
"452";2012-10-01;3288
"453";2012-10-02;4042
"454";2012-10-03;3315
"455";2012-10-04;3230
"456";2012-10-05;3617
"457";2012-10-06;3092
"458";2012-10-07;903
"459";2012-10-08;3450
"460";2012-10-09;1628
"461";2012-10-10;2120
"462";2012-10-11;3097
"463";2012-10-12;2068
"464";2012-10-13;2079
"465";2012-10-14;1893
"466";2012-10-15;1985
"467";2012-10-16;3201
"468";2012-10-17;3518
"469";2012-10-18;3668
"470";2012-10-19;3546
"471";2012-10-20;2613
"472";2012-10-21;1783
"473";2012-10-22;3032
"474";2012-10-23;2984
"475";2012-10-24;2895
"476";2012-10-25;3219
"477";2012-10-26;2610
"478";2012-10-27;558
"479";2012-10-28;357
"480";2012-10-29;1430
"481";2012-10-30;1759
"482";2012-10-31;2085
"483";2012-11-01;914
"484";2012-11-02;1965
"485";2012-11-03;1731
"486";2012-11-04;1302
"487";2012-11-05;2026
"488";2012-11-06;2053
"489";2012-11-07;2254
"490";2012-11-08;2706
"491";2012-11-09;2658
"492";2012-11-10;1811
"493";2012-11-11;545
"494";2012-11-12;2085
"495";2012-11-13;2541
"496";2012-11-14;2476
"497";2012-11-15;3055
"498";2012-11-16;2429
"499";2012-11-17;1538
"500";2012-11-18;1071
"501";2012-11-19;2334
"502";2012-11-20;2353
"503";2012-11-21;2260
"504";2012-11-22;2066
"505";2012-11-23;2164
"506";2012-11-24;1620
"507";2012-11-25;1342
"508";2012-11-26;2665
"509";2012-11-27;2407
"510";2012-11-28;2022
"511";2012-11-29;1117
"512";2012-11-30;1492
"513";2012-12-01;1054
"514";2012-12-02;600
"515";2012-12-03;1198
"516";2012-12-04;1377
"517";2012-12-05;1691
"518";2012-12-06;998
"519";2012-12-07;815
"520";2012-12-08;497
"521";2012-12-09;349
"522";2012-12-10;542
"523";2012-12-11;119
"524";2012-12-12;49
"525";2012-12-13;132
"526";2012-12-14;412
"527";2012-12-15;393
"528";2012-12-16;485
"529";2012-12-17;1271
"530";2012-12-18;1592
"531";2012-12-19;1623
"532";2012-12-20;1567
"533";2012-12-21;878
"534";2012-12-22;874
"535";2012-12-23;401
"536";2012-12-24;915
"537";2012-12-25;485
"538";2012-12-26;377
"539";2012-12-27;628
"540";2012-12-28;562
"541";2012-12-29;938
"542";2012-12-30;592
"543";2012-12-31;904
"544";2013-01-01;476
"545";2013-01-02;1102
"546";2013-01-03;855
"547";2013-01-04;795
"548";2013-01-05;335
"549";2013-01-06;419
"550";2013-01-07;1634
"551";2013-01-08;2008
"552";2013-01-09;1998
"553";2013-01-10;1517
"554";2013-01-11;1316
"555";2013-01-12;522
"556";2013-01-13;359
"557";2013-01-14;1135
"558";2013-01-15;1188
"559";2013-01-16;772
"560";2013-01-17;0
"561";2013-01-18;0
"562";2013-01-19;0
"563";2013-01-20;0
"564";2013-01-21;0
"565";2013-01-22;0
"566";2013-01-23;0
"567";2013-01-24;0
"568";2013-01-25;0
"569";2013-01-26;0
"570";2013-01-27;0
"571";2013-01-28;0
"572";2013-01-29;0
"573";2013-01-30;1414
"574";2013-01-31;1566
"575";2013-02-01;809
"576";2013-02-02;539
"577";2013-02-03;390
"578";2013-02-04;718
"579";2013-02-05;1092
"580";2013-02-06;980
"581";2013-02-07;747
"582";2013-02-08;751
"583";2013-02-09;164
"584";2013-02-10;72
"585";2013-02-11;0
"586";2013-02-12;0
"587";2013-02-13;0
"588";2013-02-14;0
"589";2013-02-15;0
"590";2013-02-16;282
"591";2013-02-17;273
"592";2013-02-18;891
"593";2013-02-19;873
"594";2013-02-20;435
"595";2013-02-21;480
"596";2013-02-22;398
"597";2013-02-23;184
"598";2013-02-24;129
"599";2013-02-25;572
"600";2013-02-26;294
"601";2013-02-27;672
"602";2013-02-28;738
"603";2013-03-01;271
"604";2013-03-02;166
"605";2013-03-03;254
"606";2013-03-04;533
"607";2013-03-05;693
"608";2013-03-06;777
"609";2013-03-07;763
"610";2013-03-08;795
"611";2013-03-09;396
"612";2013-03-10;347
"613";2013-03-11;556
"614";2013-03-12;542
"615";2013-03-13;438
"616";2013-03-14;418
"617";2013-03-15;358
"618";2013-03-16;378
"619";2013-03-17;420
"620";2013-03-18;396
"621";2013-03-19;559
"622";2013-03-20;650
"623";2013-03-21;493
"624";2013-03-22;687
"625";2013-03-23;288
"626";2013-03-24;269
"627";2013-03-25;294
"628";2013-03-26;114
"629";2013-03-27;143
"630";2013-03-28;252
"631";2013-03-29;167
"632";2013-03-30;152
"633";2013-03-31;35
"634";2013-04-08;1571
"635";2013-04-09;2228
"636";2013-04-10;2065
"637";2013-04-11;1654
"638";2013-04-12;2165
"639";2013-04-13;2177
"640";2013-04-14;2469
"641";2013-04-15;3927
"642";2013-04-16;3258
"643";2013-04-17;3908
"644";2013-04-18;4096
"645";2013-04-19;2039
"646";2013-04-20;1118
"647";2013-04-21;1450
"648";2013-04-22;2917
"649";2013-04-23;3701
"650";2013-04-24;4517
"651";2013-04-25;4641
"652";2013-04-26;4118
"653";2013-04-27;2243
"654";2013-04-28;1574
"655";2013-04-29;3103
"656";2013-04-30;3523
"657";2013-05-01;3241
"658";2013-05-02;2585
"659";2013-05-03;3080
"660";2013-05-04;2624
"661";2013-05-05;2934
"662";2013-05-06;3730
"663";2013-05-07;3343
"664";2013-05-08;4560
"665";2013-05-09;2785
"666";2013-05-10;972
"667";2013-05-11;1008
"668";2013-05-12;999
"669";2013-05-13;2594
"670";2013-05-14;4152
"671";2013-05-15;4806
"672";2013-05-16;4047
"673";2013-05-17;2722
"674";2013-05-18;2893
"675";2013-05-19;1315
"676";2013-05-20;1604
"677";2013-05-21;2723
"678";2013-05-22;1847
"679";2013-05-23;2419
"680";2013-05-24;1617
"681";2013-05-25;1334
"682";2013-05-26;464
"683";2013-05-27;1479
"684";2013-05-28;3704
"685";2013-05-29;1239
"686";2013-05-30;730
"687";2013-05-31;583
"688";2013-06-01;684
"689";2013-06-02;198
"690";2013-06-03;1666
"691";2013-06-04;3113
"692";2013-06-05;4533
"693";2013-06-06;4824
"694";2013-06-07;4452
"695";2013-06-08;4217
"696";2013-06-09;2383
"697";2013-06-10;2337
"698";2013-06-11;3381
"699";2013-06-12;4984
"700";2013-06-13;5454
"701";2013-06-14;3287
"702";2013-06-15;3641
"703";2013-06-16;3381
"704";2013-06-17;5299
"705";2013-06-18;5388
"706";2013-06-19;5493
"707";2013-06-20;4653
"708";2013-06-21;4300
"709";2013-06-22;1935
"710";2013-06-23;1693
"711";2013-06-24;1916
"712";2013-06-25;2597
"713";2013-06-26;3275
"714";2013-06-27;3093
"715";2013-06-28;3257
"716";2013-06-29;1253
"717";2013-06-30;2167
"718";2013-07-01;4811
"719";2013-07-02;5680
"720";2013-07-03;3216
"721";2013-07-04;3708
"722";2013-07-05;4203
"723";2013-07-06;3518
"724";2013-07-07;3117
"725";2013-07-08;5251
"726";2013-07-09;5618
"727";2013-07-10;5360
"728";2013-07-11;5071
"729";2013-07-12;4975
"730";2013-07-13;3581
"731";2013-07-14;3336
"732";2013-07-15;5258
"733";2013-07-16;5628
"734";2013-07-17;5896
"735";2013-07-18;5453
"736";2013-07-19;5334
"737";2013-07-20;3619
"738";2013-07-21;3375
"739";2013-07-22;5523
"740";2013-07-23;5565
"741";2013-07-24;4521
"742";2013-07-25;5369
"743";2013-07-26;5373
"744";2013-07-27;3496
"745";2013-07-28;2637
"746";2013-07-29;3025
"747";2013-07-30;4553
"748";2013-07-31;4842
"749";2013-08-01;5166
"750";2013-08-02;4839
"751";2013-08-03;3210
"752";2013-08-04;2594
"753";2013-08-05;4830
"754";2013-08-06;4233
"755";2013-08-07;3973
"756";2013-08-08;3979
"757";2013-08-09;1800
"758";2013-08-10;3053
"759";2013-08-11;2577
"760";2013-08-12;4252
"761";2013-08-13;3531
"762";2013-08-14;3770
"763";2013-08-15;2597
"764";2013-08-16;3611
"765";2013-08-17;2767
"766";2013-08-18;2363
"767";2013-08-19;1857
"768";2013-08-20;3448
"769";2013-08-21;3902
"770";2013-08-22;3933
"771";2013-08-23;3530
"772";2013-08-24;2587
"773";2013-08-25;460
"774";2013-08-26;2881
"775";2013-08-27;2081
"776";2013-08-28;2877
"777";2013-08-29;3494
"778";2013-08-30;3595
"779";2013-08-31;2641
"780";2013-09-01;1219
"781";2013-09-02;3023
"782";2013-09-03;3972
"783";2013-09-04;4284
"784";2013-09-05;4273
"785";2013-09-06;4150
"786";2013-09-07;3054
"787";2013-09-08;1890
"788";2013-09-09;3061
"789";2013-09-10;2185
"790";2013-09-11;3134
"791";2013-09-12;1728
"792";2013-09-13;2327
"793";2013-09-14;1600
"794";2013-09-15;1706
"795";2013-09-16;2089
"796";2013-09-17;2742
"797";2013-09-18;1511
"798";2013-09-19;2817
"799";2013-09-20;2722
"800";2013-09-21;2700
"801";2013-09-22;2793
"802";2013-09-23;4075
"803";2013-09-24;4369
"804";2013-09-25;4383
"805";2013-09-26;2404
"806";2013-09-27;3136
"807";2013-09-28;2460
"808";2013-09-29;1811
"809";2013-09-30;3175
"810";2013-10-01;3214
"811";2013-10-02;3447
"812";2013-10-03;2112
"813";2013-10-04;2555
"814";2013-10-05;799
"815";2013-10-06;1799
"816";2013-10-07;3020
"817";2013-10-08;2936
"818";2013-10-09;2523
"819";2013-10-10;1214
"820";2013-10-11;1303
"821";2013-10-12;1224
"822";2013-10-13;1348
"823";2013-10-14;2461
"824";2013-10-15;1531
"825";2013-10-16;2033
"826";2013-10-17;2605
"827";2013-10-18;2721
"828";2013-10-19;2289
"829";2013-10-20;1799
"830";2013-10-21;3151
"831";2013-10-22;3396
"832";2013-10-23;2369
"833";2013-10-24;3263
"834";2013-10-25;3494
"835";2013-10-26;2727
"836";2013-10-27;1297
"837";2013-10-28;3145
"838";2013-10-29;1506
"839";2013-10-30;1963
"840";2013-10-31;2204
"841";2013-11-01;1041
"842";2013-11-02;1350
"843";2013-11-03;643
"844";2013-11-04;2793
"845";2013-11-05;2817
"846";2013-11-06;1696
"847";2013-11-07;3051
"848";2013-11-08;3059
"849";2013-11-09;1417
"850";2013-11-10;529
"851";2013-11-11;2173
"852";2013-11-12;2363
"853";2013-11-13;2276
"854";2013-11-14;1947
"855";2013-11-15;1950
"856";2013-11-16;1193
"857";2013-11-17;755
"858";2013-11-18;2629
"859";2013-11-19;2189
"860";2013-11-20;1869
"861";2013-11-21;2184
"862";2013-11-22;2113
"863";2013-11-23;620
"864";2013-11-24;554
"865";2013-11-25;1774
"866";2013-11-26;890
"867";2013-11-27;999
"868";2013-11-28;1251
"869";2013-11-29;1383
"870";2013-11-30;939
"871";2013-12-01;762
"872";2013-12-02;2025
"873";2013-12-03;1990
"874";2013-12-04;1921
"875";2013-12-05;1779
"876";2013-12-06;987
"877";2013-12-07;717
"878";2013-12-08;729
"879";2013-12-09;1818
"880";2013-12-10;2141
"881";2013-12-11;2006
"882";2013-12-12;1868
"883";2013-12-13;1783
"884";2013-12-14;949
"885";2013-12-15;673
"886";2013-12-16;1879
"887";2013-12-17;1979
"888";2013-12-18;1827
"889";2013-12-19;1690
"890";2013-12-20;1508
"891";2013-12-21;1077
"892";2013-12-22;673
"893";2013-12-23;1446
"894";2013-12-24;900
"895";2013-12-25;553
"896";2013-12-26;254
"897";2013-12-27;1012
"898";2013-12-28;929
"899";2013-12-29;545
"900";2013-12-30;1182
"901";2013-12-31;719
"902";2014-01-01;428
"903";2014-01-02;1055
"904";2014-01-03;1263
"905";2014-01-04;803
"906";2014-01-05;443
"907";2014-01-06;937
"908";2014-01-07;2434
"909";2014-01-08;2435
"910";2014-01-09;2374
"911";2014-01-10;1854
"912";2014-01-11;1178
"913";2014-01-12;1030
"914";2014-01-13;2167
"915";2014-01-14;1192
"916";2014-01-15;1693
"917";2014-01-16;1977
"918";2014-01-17;1323
"919";2014-01-18;1063
"920";2014-01-19;750
"921";2014-01-20;1745
"922";2014-01-21;1037
"923";2014-01-22;1846
"924";2014-01-23;1840
"925";2014-01-24;1199
"926";2014-01-25;1071
"927";2014-01-26;402
"928";2014-01-27;1082
"929";2014-01-28;1615
"930";2014-01-29;1645
"931";2014-01-30;1582
"932";2014-01-31;1518
"933";2014-02-01;1104
"934";2014-02-02;506
"935";2014-02-03;1464
"936";2014-02-04;1847
"937";2014-02-05;1946
"938";2014-02-06;2131
"939";2014-02-07;1779
"940";2014-02-08;1370
"941";2014-02-09;618
"942";2014-02-10;1703
"943";2014-02-11;1973
"944";2014-02-12;1865
"945";2014-02-13;1796
"946";2014-02-14;1830
"947";2014-02-15;1877
"948";2014-02-16;623
"949";2014-02-17;1982
"950";2014-02-18;2235
"951";2014-02-19;1562
"952";2014-02-20;2272
"953";2014-02-21;1261
"954";2014-02-22;1233
"955";2014-02-23;1213
"956";2014-02-24;2459
"957";2014-02-25;2612
"958";2014-02-26;2418
"959";2014-02-27;2157
"960";2014-02-28;2253
"961";2014-03-01;1245
"962";2014-03-02;577
"963";2014-03-03;1954
"964";2014-03-04;1474
"965";2014-03-05;1534
"966";2014-03-06;2008
"967";2014-03-07;1973
"968";2014-03-08;1937
"969";2014-03-09;1991
"970";2014-03-10;3016
"971";2014-03-11;2847
"972";2014-03-12;2890
"973";2014-03-13;3154
"974";2014-03-14;3060
"975";2014-03-15;1097
"976";2014-03-16;757
"977";2014-03-17;3155
"978";2014-03-18;3443
"979";2014-03-19;2393
"980";2014-03-20;3644
"981";2014-03-21;3607
"982";2014-03-22;1919
"983";2014-03-23;347
"984";2014-03-24;1798
"985";2014-03-25;2034
"986";2014-03-26;2351
"987";2014-03-27;3034
"988";2014-03-28;2978
"989";2014-03-29;2862
"990";2014-03-30;2573
"991";2014-03-31;3438
"992";2014-04-01;3790
"993";2014-04-02;4050
"994";2014-04-03;3915
"995";2014-04-04;3475
"996";2014-04-05;2384
"997";2014-04-06;1547
"998";2014-04-07;4305
"999";2014-04-08;2333
"1000";2014-04-09;3199
"1001";2014-04-10;2286
"1002";2014-04-11;3367
"1003";2014-04-12;2541
"1004";2014-04-13;1857
"1005";2014-04-14;2507
"1006";2014-04-15;2223
"1007";2014-04-16;2398
"1008";2014-04-17;2729
"1009";2014-04-18;530
"1010";2014-04-19;1115
"1011";2014-04-20;982
"1012";2014-04-21;1238
"1013";2014-04-22;2398
"1014";2014-04-23;3509
"1015";2014-04-24;3770
"1016";2014-04-25;3963
"1017";2014-04-26;2994
"1018";2014-04-27;633
"1019";2014-04-28;2567
"1020";2014-04-29;2804
"1021";2014-04-30;3504
"1022";2014-05-01;2640
"1023";2014-05-02;2150
"1024";2014-05-03;1002
"1025";2014-05-04;1761
"1026";2014-05-05;4000
"1027";2014-05-06;4446
"1028";2014-05-07;1698
"1029";2014-05-08;3925
"1030";2014-05-09;2741
"1031";2014-05-10;2881
"1032";2014-05-11;1280
"1033";2014-05-12;2999
"1034";2014-05-13;2551
"1035";2014-05-14;2395
"1036";2014-05-15;2735
"1037";2014-05-16;2737
"1038";2014-05-17;1423
"1039";2014-05-18;2203
"1040";2014-05-19;4368
"1041";2014-05-20;5146
"1042";2014-05-21;5123
"1043";2014-05-22;4934
"1044";2014-05-23;3542
"1045";2014-05-24;2789
"1046";2014-05-25;3375
"1047";2014-05-26;3292
"1048";2014-05-27;2234
"1049";2014-05-28;2825
"1050";2014-05-29;1317
"1051";2014-05-30;2284
"1052";2014-05-31;2720
"1053";2014-06-01;2321
"1054";2014-06-02;3753
"1055";2014-06-03;4197
"1056";2014-06-04;3690
"1057";2014-06-05;3984
"1058";2014-06-06;4630
"1059";2014-06-07;3458
"1060";2014-06-08;2851
"1061";2014-06-09;2553
"1062";2014-06-10;4047
"1063";2014-06-11;3686
"1064";2014-06-12;3835
"1065";2014-06-13;3581
"1066";2014-06-14;2551
"1067";2014-06-15;2733
"1068";2014-06-16;3853
"1069";2014-06-17;3582
"1070";2014-06-18;3874
"1071";2014-06-19;2768
"1072";2014-06-20;1689
"1073";2014-06-21;2680
"1074";2014-06-22;2869
"1075";2014-06-23;4470
"1076";2014-06-24;1737
"1077";2014-06-25;3666
"1078";2014-06-26;3678
"1079";2014-06-27;2473
"1080";2014-06-28;2889
"1081";2014-06-29;377
"1082";2014-06-30;2480
"1083";2014-07-01;2448
"1084";2014-07-02;2396
"1085";2014-07-03;4473
"1086";2014-07-04;3979
"1087";2014-07-05;2416
"1088";2014-07-06;2764
"1089";2014-07-07;3227
"1090";2014-07-08;1999
"1091";2014-07-09;1342
"1092";2014-07-10;2491
"1093";2014-07-11;2239
"1094";2014-07-12;1139
"1095";2014-07-13;1635
"1096";2014-07-14;3441
"1097";2014-07-15;4191
"1098";2014-07-16;4490
"1099";2014-07-17;4649
"1100";2014-07-18;4371
"1101";2014-07-19;3214
"1102";2014-07-20;2461
"1103";2014-07-21;1547
"1104";2014-07-22;532
"1105";2014-07-23;3528
"1106";2014-07-24;3216
"1107";2014-07-25;2895
"1108";2014-07-26;1778
"1109";2014-07-27;1015
"1110";2014-07-28;2575
"1111";2014-07-29;2505
"1112";2014-07-30;1995
"1113";2014-07-31;1717
"1114";2014-08-01;2535
"1115";2014-08-02;1939
"1116";2014-08-03;1500
"1117";2014-08-04;3088
"1118";2014-08-05;2139
"1119";2014-08-06;2862
"1120";2014-08-07;2002
"1121";2014-08-08;2821
"1122";2014-08-09;1755
"1123";2014-08-10;1940
"1124";2014-08-11;988
"1125";2014-08-12;2406
"1126";2014-08-13;1151
"1127";2014-08-14;1754
"1128";2014-08-15;879
"1129";2014-08-16;1000
"1130";2014-08-17;1741
"1131";2014-08-18;2236
"1132";2014-08-19;1769
"1133";2014-08-20;1694
"1134";2014-08-21;2216
"1135";2014-08-22;1941
"1136";2014-08-23;1390
"1137";2014-08-24;1176
"1138";2014-08-25;2015
"1139";2014-08-26;1220
"1140";2014-08-27;1442
"1141";2014-08-28;1757
"1142";2014-08-29;1735
"1143";2014-08-30;1286
"1144";2014-08-31;511
"1145";2014-09-01;1456
"1146";2014-09-02;2240
"1147";2014-09-03;2145
"1148";2014-09-04;2902
"1149";2014-09-05;2847
"1150";2014-09-06;2491
"1151";2014-09-07;2094
"1152";2014-09-08;3611
"1153";2014-09-09;2902
"1154";2014-09-10;3298
"1155";2014-09-11;2976
"1156";2014-09-12;1119
"1157";2014-09-13;1499
"1158";2014-09-14;916
"1159";2014-09-15;3093
"1160";2014-09-16;3887
"1161";2014-09-17;4168
"1162";2014-09-18;4279
"1163";2014-09-19;3959
"1164";2014-09-20;1993
"1165";2014-09-21;1327
"1166";2014-09-22;2918
"1167";2014-09-23;3760
"1168";2014-09-24;3861
"1169";2014-09-25;2232
"1170";2014-09-26;3254
"1171";2014-09-27;2972
"1172";2014-09-28;2548
"1173";2014-09-29;4144
"1174";2014-09-30;3585
"1175";2014-10-01;2174
"1176";2014-10-02;3712
"1177";2014-10-03;2121
"1178";2014-10-04;1999
"1179";2014-10-05;1798
"1180";2014-10-06;3241
"1181";2014-10-07;3801
"1182";2014-10-08;3635
"1183";2014-10-09;4155
"1184";2014-10-10;3571
"1185";2014-10-11;2283
"1186";2014-10-12;2417
"1187";2014-10-13;3344
"1188";2014-10-14;3878
"1189";2014-10-15;3073
"1190";2014-10-16;2679
"1191";2014-10-17;1839
"1192";2014-10-18;2847
"1193";2014-10-19;2831
"1194";2014-10-20;3482
"1195";2014-10-21;2404
"1196";2014-10-22;1597
"1197";2014-10-23;1646
"1198";2014-10-24;2566
"1199";2014-10-25;1470
"1200";2014-10-26;1574
"1201";2014-10-27;2357
"1202";2014-10-28;2371
"1203";2014-10-29;2592
"1204";2014-10-30;2076
"1205";2014-10-31;2680
"1206";2014-11-01;1734
"1207";2014-11-02;2075
"1208";2014-11-03;3466
"1209";2014-11-04;3673
"1210";2014-11-05;2544
"1211";2014-11-06;1314
"1212";2014-11-07;2438
"1213";2014-11-08;2088
"1214";2014-11-09;1523
"1215";2014-11-10;2734
"1216";2014-11-11;2868
"1217";2014-11-12;2930
"1218";2014-11-13;2518
"1219";2014-11-14;2559
"1220";2014-11-15;1565
"1221";2014-11-16;1201
"1222";2014-11-17;2571
"1223";2014-11-18;1148
"1224";2014-11-19;1864
"1225";2014-11-20;2568
"1226";2014-11-21;2414
"1227";2014-11-22;1636
"1228";2014-11-23;914
"1229";2014-11-24;2644
"1230";2014-11-25;2583
"1231";2014-11-26;2330
"1232";2014-11-27;2244
"1233";2014-11-28;2205
"1234";2014-11-29;1238
"1235";2014-11-30;820
"1236";2014-12-01;1785
"1237";2014-12-02;1888
"1238";2014-12-03;2189
"1239";2014-12-04;2147
"1240";2014-12-05;2001
"1241";2014-12-06;1090
"1242";2014-12-07;618
"1243";2014-12-08;1661
"1244";2014-12-09;2165
"1245";2014-12-10;2008
"1246";2014-12-11;1913
"1247";2014-12-12;2186
"1248";2014-12-13;1533
"1249";2014-12-14;1167
"1250";2014-12-15;2087
"1251";2014-12-16;1574
"1252";2014-12-17;1841
"1253";2014-12-18;1801
"1254";2014-12-19;2194
"1255";2014-12-20;1189
"1256";2014-12-21;898
"1257";2014-12-22;2057
"1258";2014-12-23;1925
"1259";2014-12-24;795
"1260";2014-12-25;288
"1261";2014-12-26;221
"1262";2014-12-27;225
"1263";2014-12-28;111
"1264";2014-12-29;99
"1265";2014-12-30;51
"1266";2014-12-31;106
"1267";2015-01-01;72
"1268";2015-01-02;189
"1269";2015-01-03;215
"1270";2015-01-04;334
"1271";2015-01-05;887
"1272";2015-01-06;14
"1273";2015-01-07;643
"1274";2015-01-08;1148
"1275";2015-01-09;1376
"1276";2015-01-10;911
"1277";2015-01-11;313
"1278";2015-01-12;1635
"1279";2015-01-13;2279
"1280";2015-01-14;1617
"1281";2015-01-15;2031
"1282";2015-01-16;2006
"1283";2015-01-17;410
"1284";2015-01-18;479
"1285";2015-01-19;1952
"1286";2015-01-20;1775
"1287";2015-01-21;1833
"1288";2015-01-22;1753
"1289";2015-01-23;1397
"1290";2015-01-24;792
"1291";2015-01-25;378
"1292";2015-01-26;1146
"1293";2015-01-27;957
"1294";2015-01-28;947
"1295";2015-01-29;1166
"1296";2015-01-30;963
"1297";2015-01-31;599
"1298";2015-02-01;491
"1299";2015-02-02;683
"1300";2015-02-03;369
"1301";2015-02-04;408
"1302";2015-02-05;462
"1303";2015-02-06;423
"1304";2015-02-07;274
"1305";2015-02-08;146
"1306";2015-02-09;576
"1307";2015-02-10;1060
"1308";2015-02-11;1115
"1309";2015-02-12;1192
"1310";2015-02-13;1268
"1311";2015-02-14;730
"1312";2015-02-15;411
"1313";2015-02-16;1184
"1314";2015-02-17;1023
"1315";2015-02-18;1058
"1316";2015-02-19;1299
"1317";2015-02-20;1426
"1318";2015-02-21;860
"1319";2015-02-22;361
"1320";2015-02-23;1332
"1321";2015-02-24;1336
"1322";2015-02-25;1542
"1323";2015-02-26;1830
"1324";2015-02-27;1552
"1325";2015-02-28;835
"1326";2015-03-01;483
"1327";2015-03-02;1066
"1328";2015-03-03;2022
"1329";2015-03-04;1691
"1330";2015-03-05;1427
"1331";2015-03-06;1750
"1332";2015-03-07;1455
"1333";2015-03-08;1628
"1334";2015-03-09;2502
"1335";2015-03-10;2724
"1336";2015-03-11;1828
"1337";2015-03-12;2213
"1338";2015-03-13;2153
"1339";2015-03-14;1223
"1340";2015-03-15;1114
"1341";2015-03-16;2417
"1342";2015-03-17;2916
"1343";2015-03-18;2983
"1344";2015-03-19;3073
"1345";2015-03-20;2839
"1346";2015-03-21;1490
"1347";2015-03-22;660
"1348";2015-03-23;2373
"1349";2015-03-24;3041
"1350";2015-03-25;2806
"1351";2015-03-26;2069
"1352";2015-03-27;1880
"1353";2015-03-28;1967
"1354";2015-03-29;651
"1355";2015-03-30;1011
"1356";2015-03-31;1015
"1357";2015-04-01;1092
"1358";2015-04-02;967
"1359";2015-04-03;1009
"1360";2015-04-04;435
"1361";2015-04-05;649
"1362";2015-04-06;517
"1363";2015-04-07;1880
"1364";2015-04-08;2432
"1365";2015-04-09;2835
"1366";2015-04-10;3186
"1367";2015-04-11;2063
"1368";2015-04-12;2135
"1369";2015-04-13;3535
"1370";2015-04-14;3759
"1371";2015-04-15;4494
"1372";2015-04-16;4154
"1373";2015-04-17;1749
"1374";2015-04-18;2273
"1375";2015-04-19;2392
"1376";2015-04-20;3853
"1377";2015-04-21;4380
"1378";2015-04-22;4513
"1379";2015-04-23;3651
"1380";2015-04-24;3879
"1381";2015-04-25;2616
"1382";2015-04-26;2311
"1383";2015-04-27;3930
"1384";2015-04-28;1596
"1385";2015-04-29;3761
"1386";2015-04-30;2230
"1387";2015-05-01;363
"1388";2015-05-02;1473
"1389";2015-05-03;560
"1390";2015-05-04;3006
"1391";2015-05-05;4323
"1392";2015-05-06;2049
"1393";2015-05-07;4188
"1394";2015-05-08;4340
"1395";2015-05-09;1847
"1396";2015-05-10;2222
"1397";2015-05-11;4605
"1398";2015-05-12;5008
"1399";2015-05-13;3655
"1400";2015-05-14;1747
"1401";2015-05-15;1398
"1402";2015-05-16;2972
"1403";2015-05-17;1609
"1404";2015-05-18;4688
"1405";2015-05-19;2283
"1406";2015-05-20;1157
"1407";2015-05-21;1949
"1408";2015-05-22;2664
"1409";2015-05-23;1500
"1410";2015-05-24;1123
"1411";2015-05-25;1587
"1412";2015-05-26;1567
"1413";2015-05-27;2674
"1414";2015-05-28;3655
"1415";2015-05-29;3428
"1416";2015-05-30;2394
"1417";2015-05-31;2549
"1418";2015-06-01;3544
"1419";2015-06-02;4246
"1420";2015-06-03;4260
"1421";2015-06-04;3158
"1422";2015-06-05;3719
"1423";2015-06-06;2840
"1424";2015-06-07;2617
"1425";2015-06-08;1968
"1426";2015-06-09;2927
"1427";2015-06-10;3626
"1428";2015-06-11;4216
"1429";2015-06-12;4901
"1430";2015-06-13;3220
"1431";2015-06-14;2643
"1432";2015-06-15;1381
"1433";2015-06-16;3737
"1434";2015-06-17;3978
"1435";2015-06-18;2677
"1436";2015-06-19;2686
"1437";2015-06-20;1363
"1438";2015-06-21;1472
"1439";2015-06-22;3295
"1440";2015-06-23;3183
"1441";2015-06-24;3778
"1442";2015-06-25;4460
"1443";2015-06-26;4431
"1444";2015-06-27;2225
"1445";2015-06-28;2790
"1446";2015-06-29;4720
"1447";2015-06-30;5439
"1448";2015-07-01;5239
"1449";2015-07-02;5029
"1450";2015-07-03;4806
"1451";2015-07-04;3387
"1452";2015-07-05;2766
"1453";2015-07-06;4096
"1454";2015-07-07;5047
"1455";2015-07-08;3478
"1456";2015-07-09;3718
"1457";2015-07-10;4529
"1458";2015-07-11;3312
"1459";2015-07-12;2825
"1460";2015-07-13;3300
"1461";2015-07-14;4511
"1462";2015-07-15;5034
"1463";2015-07-16;5073
"1464";2015-07-17;4550
"1465";2015-07-18;3151
"1466";2015-07-19;2838
"1467";2015-07-20;4635
"1468";2015-07-21;5039
"1469";2015-07-22;4154
"1470";2015-07-23;3498
"1471";2015-07-24;4713
"1472";2015-07-25;3198
"1473";2015-07-26;3122
"1474";2015-07-27;3459
"1475";2015-07-28;4227
"1476";2015-07-29;3462
"1477";2015-07-30;4393
"1478";2015-07-31;4523
"1479";2015-08-01;2320
"1480";2015-08-02;2067
"1481";2015-08-03;4272
"1482";2015-08-04;4269
"1483";2015-08-05;4266
"1484";2015-08-06;4353
"1485";2015-08-07;3959
"1486";2015-08-08;2948
"1487";2015-08-09;2460
"1488";2015-08-10;3916
"1489";2015-08-11;4114
"1490";2015-08-12;4198
"1491";2015-08-13;4099
"1492";2015-08-14;3200
"1493";2015-08-15;1595
"1494";2015-08-16;860
"1495";2015-08-17;1524
"1496";2015-08-18;3028
"1497";2015-08-19;2194
"1498";2015-08-20;2477
"1499";2015-08-21;2791
"1500";2015-08-22;2485
"1501";2015-08-23;2035
"1502";2015-08-24;2829
"1503";2015-08-25;2772
"1504";2015-08-26;3642
"1505";2015-08-27;3568
"1506";2015-08-28;3361
"1507";2015-08-29;2656
"1508";2015-08-30;2400
"1509";2015-08-31;3822
"1510";2015-09-01;3039
"1511";2015-09-02;1698
"1512";2015-09-03;1641
"1513";2015-09-04;2646
"1514";2015-09-05;1613
"1515";2015-09-06;1076
"1516";2015-09-07;2597
"1517";2015-09-08;3071
"1518";2015-09-09;3361
"1519";2015-09-10;2984
"1520";2015-09-11;3278
"1521";2015-09-12;2626
"1522";2015-09-13;2387
"1523";2015-09-14;2082
"1524";2015-09-15;3630
"1525";2015-09-16;4115
"1526";2015-09-17;3604
"1527";2015-09-18;3381
"1528";2015-09-19;2506
"1529";2015-09-20;1785
"1530";2015-09-21;4125
"1531";2015-09-22;3519
"1532";2015-09-23;2139
"1533";2015-09-24;3442
"1534";2015-09-25;3419
"1535";2015-09-26;2380
"1536";2015-09-27;2190
"1537";2015-09-28;3525
"1538";2015-09-29;3504
"1539";2015-09-30;3529
"1540";2015-10-01;3555
"1541";2015-10-02;3639
"1542";2015-10-03;2326
"1543";2015-10-04;1399
"1544";2015-10-05;3618
"1545";2015-10-06;3362
"1546";2015-10-07;1679
"1547";2015-10-08;2951
"1548";2015-10-09;3284
"1549";2015-10-10;1768
"1550";2015-10-11;1251
"1551";2015-10-12;3048
"1552";2015-10-13;2794
"1553";2015-10-14;2425
"1554";2015-10-15;2142
"1555";2015-10-16;2057
"1556";2015-10-17;1515
"1557";2015-10-18;542
"1558";2015-10-19;2143
"1559";2015-10-20;2762
"1560";2015-10-21;2877
"1561";2015-10-22;2895
"1562";2015-10-23;2384
"1563";2015-10-24;2110
"1564";2015-10-25;1431
"1565";2015-10-26;3037
"1566";2015-10-27;3086
"1567";2015-10-28;3009
"1568";2015-10-29;2801
"1569";2015-10-30;2899
"1570";2015-10-31;1727
"1571";2015-11-01;1362
"1572";2015-11-02;2829
"1573";2015-11-03;2875
"1574";2015-11-04;2722
"1575";2015-11-05;2940
"1576";2015-11-06;2886
"1577";2015-11-07;1893
"1578";2015-11-08;1786
"1579";2015-11-09;3249
"1580";2015-11-10;3522
"1581";2015-11-11;3533
"1582";2015-11-12;3476
"1583";2015-11-13;3142
"1584";2015-11-14;1704
"1585";2015-11-15;1199
"1586";2015-11-16;3460
"1587";2015-11-17;2954
"1588";2015-11-18;2814
"1589";2015-11-19;2957
"1590";2015-11-20;1035
"1591";2015-11-21;1271
"1592";2015-11-22;526
"1593";2015-11-23;2086
"1594";2015-11-24;2275
"1595";2015-11-25;1547
"1596";2015-11-26;1800
"1597";2015-11-27;2020
"1598";2015-11-28;860
"1599";2015-11-29;532
"1600";2015-11-30;1756
"1601";2015-12-01;1630
"1602";2015-12-02;2469
"1603";2015-12-03;2641
"1604";2015-12-04;2305
"1605";2015-12-05;1508
"1606";2015-12-06;1337
"1607";2015-12-07;2827
"1608";2015-12-08;2663
"1609";2015-12-09;1860
"1610";2015-12-10;2421
"1611";2015-12-11;2160
"1612";2015-12-12;1484
"1613";2015-12-13;1150
"1614";2015-12-14;2366
"1615";2015-12-15;2423
"1616";2015-12-16;1889
"1617";2015-12-17;2231
"1618";2015-12-18;2300
"1619";2015-12-19;1571
"1620";2015-12-20;1293
"1621";2015-12-21;2163
"1622";2015-12-22;2654
"1623";2015-12-23;2170
"1624";2015-12-24;1027
"1625";2015-12-25;622
"1626";2015-12-26;724
"1627";2015-12-27;775
"1628";2015-12-28;1339
"1629";2015-12-29;1374
"1630";2015-12-30;1282
"1631";2015-12-31;700
"1632";2016-01-01;339
"1633";2016-01-02;771
"1634";2016-01-03;507
"1635";2016-01-04;1192
"1636";2016-01-05;1349
"1637";2016-01-06;816
"1638";2016-01-07;1792
"1639";2016-01-08;1912
"1640";2016-01-09;835
"1641";2016-01-10;690
"1642";2016-01-11;1688
"1643";2016-01-12;1673
"1644";2016-01-13;1555
"1645";2016-01-14;2004
"1646";2016-01-15;1078
"1647";2016-01-16;440
"1648";2016-01-17;219
"1649";2016-01-18;423
"1650";2016-01-19;513
"1651";2016-01-20;665
"1652";2016-01-21;872
"1653";2016-01-22;800
"1654";2016-01-23;468
"1655";2016-01-24;420
"1656";2016-01-25;1803
"1657";2016-01-26;2205
"1658";2016-01-27;2257
"1659";2016-01-28;2069
"1660";2016-01-29;1927
"1661";2016-01-30;1514
"1662";2016-01-31;344
"1663";2016-02-01;1796
"1664";2016-02-02;2397
"1665";2016-02-03;1229
"1666";2016-02-04;1483
"1667";2016-02-05;1555
"1668";2016-02-06;1499
"1669";2016-02-07;976
"1670";2016-02-08;1869
"1671";2016-02-09;1550
"1672";2016-02-10;1285
"1673";2016-02-11;1647
"1674";2016-02-12;1758
"1675";2016-02-13;1038
"1676";2016-02-14;895
"1677";2016-02-15;1895
"1678";2016-02-16;1789
"1679";2016-02-17;1687
"1680";2016-02-18;2004
"1681";2016-02-19;1773
"1682";2016-02-20;794
"1683";2016-02-21;838
"1684";2016-02-22;2554
"1685";2016-02-23;1682
"1686";2016-02-24;1837
"1687";2016-02-25;1131
"1688";2016-02-26;1747
"1689";2016-02-27;1062
"1690";2016-02-28;781
"1691";2016-02-29;1228
"1692";2016-03-01;883
"1693";2016-03-02;1256
"1694";2016-03-03;1602
"1695";2016-03-04;1958
"1696";2016-03-05;1170
"1697";2016-03-06;818
"1698";2016-03-07;2076
"1699";2016-03-08;1844
"1700";2016-03-09;2079
"1701";2016-03-10;2268
"1702";2016-03-11;1937
"1703";2016-03-12;1179
"1704";2016-03-13;896
"1705";2016-03-14;2121
"1706";2016-03-15;1525
"1707";2016-03-16;1831
"1708";2016-03-17;2541
"1709";2016-03-18;2436
"1710";2016-03-19;1926
"1711";2016-03-20;1390
"1712";2016-03-21;1661
"1713";2016-03-22;1725
"1714";2016-03-23;1691
"1715";2016-03-24;1884
"1716";2016-03-25;514
"1717";2016-03-26;1192
"1718";2016-03-27;883
"1719";2016-03-28;1278
"1720";2016-03-29;1919
"1721";2016-03-30;2120
"1722";2016-03-31;3059
"1723";2016-04-01;2272
"1724";2016-04-02;2234
"1725";2016-04-03;2724
"1726";2016-04-04;3945
"1727";2016-04-05;4119
"1728";2016-04-06;2488
"1729";2016-04-07;2628
"1730";2016-04-08;1971
"1731";2016-04-09;1276
"1732";2016-04-10;1782
"1733";2016-04-11;3925
"1734";2016-04-12;3006
"1735";2016-04-13;3101
"1736";2016-04-14;2883
"1737";2016-04-15;2358
"1738";2016-04-16;2564
"1739";2016-04-17;646
"1740";2016-04-18;2066
"1741";2016-04-19;3629
"1742";2016-04-20;4003
"1743";2016-04-21;4320
"1744";2016-04-22;3984
"1745";2016-04-23;1467
"1746";2016-04-24;860
"1747";2016-04-25;1718
"1748";2016-04-26;1685
"1749";2016-04-27;1934
"1750";2016-04-28;2728
"1751";2016-04-29;3244
"1752";2016-04-30;2896
"1753";2016-05-01;959
"1754";2016-05-02;3259
"1755";2016-05-03;2793
"1756";2016-05-04;3380
"1757";2016-05-05;2675
"1758";2016-05-06;3827
"1759";2016-05-07;3309
"1760";2016-05-08;2918
"1761";2016-05-09;4515
"1762";2016-05-10;3873
"1763";2016-05-11;3889
"1764";2016-05-12;2631
"1765";2016-05-13;1617
"1766";2016-05-14;1129
"1767";2016-05-15;877
"1768";2016-05-16;630
"1769";2016-05-17;2236
"1770";2016-05-18;3722
"1771";2016-05-19;1413
"1772";2016-05-20;2833
"1773";2016-05-21;3395
"1774";2016-05-22;3243
"1775";2016-05-23;1712
"1776";2016-05-24;991
"1777";2016-05-25;3061
"1778";2016-05-26;2887
"1779";2016-05-27;3186
"1780";2016-05-28;2415
"1781";2016-05-29;2181
"1782";2016-05-30;2420
"1783";2016-05-31;2908
"1784";2016-06-01;2636
"1785";2016-06-02;2269
"1786";2016-06-03;2826
"1787";2016-06-04;1916
"1788";2016-06-05;1119
"1789";2016-06-06;4634
"1790";2016-06-07;5207
"1791";2016-06-08;2822
"1792";2016-06-09;2152
"1793";2016-06-10;4330
"1794";2016-06-11;1269
"1795";2016-06-12;1310
"1796";2016-06-13;2813
"1797";2016-06-14;3048
"1798";2016-06-15;3453
"1799";2016-06-16;3131
"1800";2016-06-17;2613
"1801";2016-06-18;2513
"1802";2016-06-19;612
"1803";2016-06-20;4000
"1804";2016-06-21;3636
"1805";2016-06-22;4884
"1806";2016-06-23;5055
"1807";2016-06-24;4643
"1808";2016-06-25;2734
"1809";2016-06-26;1268
"1810";2016-06-27;3903
"1811";2016-06-28;4920
"1812";2016-06-29;4589
"1813";2016-06-30;2947
"1814";2016-07-01;4465
"1815";2016-07-02;2230
"1816";2016-07-03;2397
"1817";2016-07-04;4488
"1818";2016-07-05;4722
"1819";2016-07-06;4281
"1820";2016-07-07;5013
"1821";2016-07-08;4567
"1822";2016-07-09;3522
"1823";2016-07-10;3024
"1824";2016-07-11;4234
"1825";2016-07-12;1906
"1826";2016-07-13;1779
"1827";2016-07-14;2145
"1828";2016-07-15;3150
"1829";2016-07-16;2701
"1830";2016-07-17;1871
"1831";2016-07-18;4542
"1832";2016-07-19;5268
"1833";2016-07-20;5187
"1834";2016-07-21;3246
"1835";2016-07-22;3847
"1836";2016-07-23;2289
"1837";2016-07-24;2899
"1838";2016-07-25;3478
"1839";2016-07-26;3541
"1840";2016-07-27;3611
"1841";2016-07-28;4202
"1842";2016-07-29;4432
"1843";2016-07-30;3491
"1844";2016-07-31;1064
"1845";2016-08-01;4105
"1846";2016-08-02;3541
"1847";2016-08-03;4447
"1848";2016-08-04;4471
"1849";2016-08-05;944
"1850";2016-08-06;2718
"1851";2016-08-07;1989
"1852";2016-08-08;4315
"1853";2016-08-09;1499
"1854";2016-08-10;2010
"1855";2016-08-11;3016
"1856";2016-08-12;1496
"1857";2016-08-13;2654
"1858";2016-08-14;2126
"1859";2016-08-15;2344
"1860";2016-08-16;3912
"1861";2016-08-17;3741
"1862";2016-08-18;2574
"1863";2016-08-19;2443
"1864";2016-08-20;2000
"1865";2016-08-21;1340
"1866";2016-08-22;3277
"1867";2016-08-23;3857
"1868";2016-08-24;3972
"1869";2016-08-25;3934
"1870";2016-08-26;3570
"1871";2016-08-27;2780
"1872";2016-08-28;2287
"1873";2016-08-29;2214
"1874";2016-08-30;3696
"1875";2016-08-31;4041
"1876";2016-09-01;2970
"1877";2016-09-02;3651
"1878";2016-09-03;2798
"1879";2016-09-04;2006
"1880";2016-09-05;2007
"1881";2016-09-06;3171
"1882";2016-09-07;3970
"1883";2016-09-08;4182
"1884";2016-09-09;4035
"1885";2016-09-10;3157
"1886";2016-09-11;3065
"1887";2016-09-12;4691
"1888";2016-09-13;4987
"1889";2016-09-14;4968
"1890";2016-09-15;4715
"1891";2016-09-16;3402
"1892";2016-09-17;700
"1893";2016-09-18;678
"1894";2016-09-19;1468
"1895";2016-09-20;3056
"1896";2016-09-21;3775
"1897";2016-09-22;4245
"1898";2016-09-23;3853
"1899";2016-09-24;3273
"1900";2016-09-25;3059
"1901";2016-09-26;4242
"1902";2016-09-27;4171
"1903";2016-09-28;4286
"1904";2016-09-29;4538
"1905";2016-09-30;4422
"1906";2016-10-01;2858
"1907";2016-10-02;810
"1908";2016-10-03;1390
"1909";2016-10-04;2393
"1910";2016-10-05;3343
"1911";2016-10-06;2053
"1912";2016-10-07;2093
"1913";2016-10-08;1594
"1914";2016-10-09;1662
"1915";2016-10-10;2811
"1916";2016-10-11;2710
"1917";2016-10-12;2741
"1918";2016-10-13;3022
"1919";2016-10-14;2920
"1920";2016-10-15;2346
"1921";2016-10-16;2368
"1922";2016-10-17;3270
"1923";2016-10-18;1694
"1924";2016-10-19;2450
"1925";2016-10-20;2804
"1926";2016-10-21;2003
"1927";2016-10-22;2096
"1928";2016-10-23;1535
"1929";2016-10-24;3340
"1930";2016-10-25;1947
"1931";2016-10-26;2765
"1932";2016-10-27;2972
"1933";2016-10-28;2965
"1934";2016-10-29;1400
"1935";2016-10-30;1338
"1936";2016-10-31;2429
"1937";2016-11-01;1497
"1938";2016-11-02;1795
"1939";2016-11-03;2424
"1940";2016-11-04;2404
"1941";2016-11-05;1399
"1942";2016-11-06;379
"1943";2016-11-07;1989
"1944";2016-11-08;2433
"1945";2016-11-09;2015
"1946";2016-11-10;1871
"1947";2016-11-11;1510
"1948";2016-11-12;1203
"1949";2016-11-13;847
"1950";2016-11-14;2156
"1951";2016-11-15;2163
"1952";2016-11-16;1318
"1953";2016-11-17;2133
"1954";2016-11-18;2497
"1955";2016-11-19;892
"1956";2016-11-20;1191
"1957";2016-11-21;2944
"1958";2016-11-22;3258
"1959";2016-11-23;3030
"1960";2016-11-24;2692
"1961";2016-11-25;2306
"1962";2016-11-26;1429
"1963";2016-11-27;927
"1964";2016-11-28;2405
"1965";2016-11-29;2285
"1966";2016-11-30;2123
"1967";2016-12-01;2258
"1968";2016-12-02;2119
"1969";2016-12-03;1278
"1970";2016-12-04;771
"1971";2016-12-05;2074
"1972";2016-12-06;2109
"1973";2016-12-07;2028
"1974";2016-12-08;2322
"1975";2016-12-09;2195
"1976";2016-12-10;1683
"1977";2016-12-11;868
"1978";2016-12-12;2055
"1979";2016-12-13;2353
"1980";2016-12-14;2314
"1981";2016-12-15;2189
"1982";2016-12-16;2114
"1983";2016-12-17;1405
"1984";2016-12-18;761
"1985";2016-12-19;1992
"1986";2016-12-20;2186
"1987";2016-12-21;2048
"1988";2016-12-22;2075
"1989";2016-12-23;1467
"1990";2016-12-24;730
"1991";2016-12-25;357
"1992";2016-12-26;550
"1993";2016-12-27;1010
"1994";2016-12-28;1128
"1995";2016-12-29;1172
"1996";2016-12-30;1136
"1997";2016-12-31;705
"1998";2017-01-01;384
"1999";2017-01-02;834
"2000";2017-01-03;376
"2001";2017-01-04;347
"2002";2017-01-05;225
"2003";2017-01-06;81
"2004";2017-01-07;132
"2005";2017-01-08;77
"2006";2017-01-09;594
"2007";2017-01-10;657
"2008";2017-01-11;549
"2009";2017-01-12;1064
"2010";2017-01-13;1017
"2011";2017-01-14;423
"2012";2017-01-15;47
"2013";2017-01-16;22
"2014";2017-01-17;7
"2015";2017-01-18;2
"2016";2017-01-19;1
"2017";2017-01-20;2
"2018";2017-01-21;6
"2019";2017-01-22;2
"2020";2017-01-23;13
"2021";2017-01-24;46
"2022";2017-01-25;64
"2023";2017-01-26;260
"2024";2017-01-27;299
"2025";2017-01-28;225
"2026";2017-01-29;187
"2027";2017-01-30;394
"2028";2017-01-31;885
"2029";2017-02-01;1462
"2030";2017-02-02;1768
"2031";2017-02-03;1657
"2032";2017-02-04;1224
"2033";2017-02-05;853
"2034";2017-02-06;1741
"2035";2017-02-07;1993
"2036";2017-02-08;1828
"2037";2017-02-09;1855
"2038";2017-02-10;1668
"2039";2017-02-11;1298
"2040";2017-02-12;636
"2041";2017-02-13;1780
"2042";2017-02-14;1975
"2043";2017-02-15;2179
"2044";2017-02-16;2491
"2045";2017-02-17;1157
"2046";2017-02-18;1136
"2047";2017-02-19;1292
"2048";2017-02-20;1978
"2049";2017-02-21;1397
"2050";2017-02-22;2033
"2051";2017-02-23;2403
"2052";2017-02-24;1649
"2053";2017-02-25;1481
"2054";2017-02-26;1025
"2055";2017-02-27;2330
"2056";2017-02-28;843
"2057";2017-03-01;1804
"2058";2017-03-02;1729
"2059";2017-03-03;2218
"2060";2017-03-04;2005
"2061";2017-03-05;1182
"2062";2017-03-06;2125
"2063";2017-03-07;2020
"2064";2017-03-08;2404
"2065";2017-03-09;1446
"2066";2017-03-10;2377
"2067";2017-03-11;1812
"2068";2017-03-12;1898
"2069";2017-03-13;2838
"2070";2017-03-14;3004
"2071";2017-03-15;2990
"2072";2017-03-16;3237
"2073";2017-03-17;2787
"2074";2017-03-18;713
"2075";2017-03-19;990
"2076";2017-03-20;2685
"2077";2017-03-21;2940
"2078";2017-03-22;1789
"2079";2017-03-23;3210
"2080";2017-03-24;2622
"2081";2017-03-25;2250
"2082";2017-03-26;1985
"2083";2017-03-27;3382
"2084";2017-03-28;3824
"2085";2017-03-29;3715
"2086";2017-03-30;3983
"2087";2017-03-31;4090
"2088";2017-04-01;2911
"2089";2017-04-02;2802
"2090";2017-04-03;3009
"2091";2017-04-04;2426
"2092";2017-04-05;2910
"2093";2017-04-06;2990
"2094";2017-04-07;3087
"2095";2017-04-08;2915
"2096";2017-04-09;3080
"2097";2017-04-10;3652
"2098";2017-04-11;2832
"2099";2017-04-12;3361
"2100";2017-04-13;2432
"2101";2017-04-14;1253
"2102";2017-04-15;1301
"2103";2017-04-16;429
"2104";2017-04-17;463
"2105";2017-04-18;985
"2106";2017-04-19;1190
"2107";2017-04-20;1756
"2108";2017-04-21;2441
"2109";2017-04-22;1627
"2110";2017-04-23;1249
"2111";2017-04-24;3794
"2112";2017-04-25;2151
"2113";2017-04-26;1345
"2114";2017-04-27;1342
"2115";2017-04-28;1032
"2116";2017-04-29;1924
"2117";2017-04-30;2355
"2118";2017-05-01;1322
"2119";2017-05-02;2911
"2120";2017-05-03;3106
"2121";2017-05-04;2827
"2122";2017-05-05;2910
"2123";2017-05-06;3448
"2124";2017-05-07;737
"2125";2017-05-08;1087
"2126";2017-05-09;2583
"2127";2017-05-10;4170
"2128";2017-05-11;4361
"2129";2017-05-12;3066
"2130";2017-05-13;2583
"2131";2017-05-14;1511
"2132";2017-05-15;3260
"2133";2017-05-16;4668
"2134";2017-05-17;5218
"2135";2017-05-18;4798
"2136";2017-05-19;3415
"2137";2017-05-20;2764
"2138";2017-05-21;2605
"2139";2017-05-22;4616
"2140";2017-05-23;4603
"2141";2017-05-24;3899
"2142";2017-05-25;2674
"2143";2017-05-26;4092
"2144";2017-05-27;3223
"2145";2017-05-28;2998
"2146";2017-05-29;5034
"2147";2017-05-30;4936
"2148";2017-05-31;4197
"2149";2017-06-01;4758
"2150";2017-06-02;3819
"2151";2017-06-03;3283
"2152";2017-06-04;1162
"2153";2017-06-05;1393
"2154";2017-06-06;1798
"2155";2017-06-07;2869
"2156";2017-06-08;4060
"2157";2017-06-09;3536
"2158";2017-06-10;2792
"2159";2017-06-11;2962
"2160";2017-06-12;3544
"2161";2017-06-13;4363
"2162";2017-06-14;4134
"2163";2017-06-15;2819
"2164";2017-06-16;3225
"2165";2017-06-17;2634
"2166";2017-06-18;3002
"2167";2017-06-19;5060
"2168";2017-06-20;5072
"2169";2017-06-21;4924
"2170";2017-06-22;5169
"2171";2017-06-23;4469
"2172";2017-06-24;3539
"2173";2017-06-25;1630
"2174";2017-06-26;5201
"2175";2017-06-27;4055
"2176";2017-06-28;3722
"2177";2017-06-29;2736
"2178";2017-06-30;3877
"2179";2017-07-01;2940
"2180";2017-07-02;1049
"2181";2017-07-03;3887
"2182";2017-07-04;5130
"2183";2017-07-05;5476
"2184";2017-07-06;5207
"2185";2017-07-07;4426
"2186";2017-07-08;2968
"2187";2017-07-09;2013
"2188";2017-07-10;4009
"2189";2017-07-11;4828
"2190";2017-07-12;3479
"2191";2017-07-13;4660
"2192";2017-07-14;3140
"2193";2017-07-15;2509
"2194";2017-07-16;2723
"2195";2017-07-17;4871
"2196";2017-07-18;5447
"2197";2017-07-19;5252
"2198";2017-07-20;4120
"2199";2017-07-21;4664
"2200";2017-07-22;3474
"2201";2017-07-23;2158
"2202";2017-07-24;2885
"2203";2017-07-25;2548
"2204";2017-07-26;1095
"2205";2017-07-27;3136
"2206";2017-07-28;3512
"2207";2017-07-29;3476
"2208";2017-07-30;2463
"2209";2017-07-31;3993
"2210";2017-08-01;4445
"2211";2017-08-02;4171
"2212";2017-08-03;4259
"2213";2017-08-04;3790
"2214";2017-08-05;3413
"2215";2017-08-06;1218
"2216";2017-08-07;3859
"2217";2017-08-08;3240
"2218";2017-08-09;2645
"2219";2017-08-10;1800
"2220";2017-08-11;1080
"2221";2017-08-12;1074
"2222";2017-08-13;2552
"2223";2017-08-14;3177
"2224";2017-08-15;3663
"2225";2017-08-16;2569
"2226";2017-08-17;3586
"2227";2017-08-18;3051
"2228";2017-08-19;1047
"2229";2017-08-20;2505
"2230";2017-08-21;2656
"2231";2017-08-22;3258
"2232";2017-08-23;3421
"2233";2017-08-24;3564
"2234";2017-08-25;3284
"2235";2017-08-26;3053
"2236";2017-08-27;2084
"2237";2017-08-28;2439
"2238";2017-08-29;3726
"2239";2017-08-30;3896
"2240";2017-08-31;1775
"2241";2017-09-01;594
"2242";2017-09-02;422
"2243";2017-09-03;1246
"2244";2017-09-04;2669
"2245";2017-09-05;2570
"2246";2017-09-06;1950
"2247";2017-09-07;2553
"2248";2017-09-08;3647
"2249";2017-09-09;1947
"2250";2017-09-10;1077
"2251";2017-09-11;3709
"2252";2017-09-12;2809
"2253";2017-09-13;3060
"2254";2017-09-14;2746
"2255";2017-09-15;3781
"2256";2017-09-16;1461
"2257";2017-09-17;1695
"2258";2017-09-18;3441
"2259";2017-09-19;3168
"2260";2017-09-20;2908
"2261";2017-09-21;3992
"2262";2017-09-22;3964
"2263";2017-09-23;2869
"2264";2017-09-24;2260
"2265";2017-09-25;4086
"2266";2017-09-26;4394
"2267";2017-09-27;4254
"2268";2017-09-28;4156
"2269";2017-09-29;4024
"2270";2017-09-30;2799
"2271";2017-10-01;1223
"2272";2017-10-02;3355
"2273";2017-10-03;1298
"2274";2017-10-04;3938
"2275";2017-10-05;3623
"2276";2017-10-06;2386
"2277";2017-10-07;1856
"2278";2017-10-08;953
"2279";2017-10-09;2457
"2280";2017-10-10;3307
"2281";2017-10-11;4032
"2282";2017-10-12;3868
"2283";2017-10-13;3907
"2284";2017-10-14;2923
"2285";2017-10-15;2557
"2286";2017-10-16;4533
"2287";2017-10-17;4710
"2288";2017-10-18;4413
"2289";2017-10-19;4508
"2290";2017-10-20;4303
"2291";2017-10-21;2332
"2292";2017-10-22;1283
"2293";2017-10-23;2858
"2294";2017-10-24;3407
"2295";2017-10-25;3866
"2296";2017-10-26;4257
"2297";2017-10-27;2529
"2298";2017-10-28;1487
"2299";2017-10-29;525
"2300";2017-10-30;1974
"2301";2017-10-31;1146
"2302";2017-11-01;983
"2303";2017-11-02;2798
"2304";2017-11-03;2586
"2305";2017-11-04;2251
"2306";2017-11-05;789
"2307";2017-11-06;1920
"2308";2017-11-07;2298
"2309";2017-11-08;2924
"2310";2017-11-09;2927
"2311";2017-11-10;2331
"2312";2017-11-11;994
"2313";2017-11-12;474
"2314";2017-11-13;2119
"2315";2017-11-14;2675
"2316";2017-11-15;2713
"2317";2017-11-16;2546
"2318";2017-11-17;2382
"2319";2017-11-18;1389
"2320";2017-11-19;778
"2321";2017-11-20;2429
"2322";2017-11-21;2335
"2323";2017-11-22;3154
"2324";2017-11-23;3259
"2325";2017-11-24;2983
"2326";2017-11-25;1118
"2327";2017-11-26;804
"2328";2017-11-27;2286
"2329";2017-11-28;2534
"2330";2017-11-29;2366
"2331";2017-11-30;2069
"2332";2017-12-01;1490
"2333";2017-12-02;1116
"2334";2017-12-03;663
"2335";2017-12-04;1314
"2336";2017-12-05;2106
"2337";2017-12-06;2303
"2338";2017-12-07;2514
"2339";2017-12-08;1296
"2340";2017-12-09;1104
"2341";2017-12-10;503
"2342";2017-12-11;2117
"2343";2017-12-12;1970
"2344";2017-12-13;2273
"2345";2017-12-14;1708
"2346";2017-12-15;2037
"2347";2017-12-16;1120
"2348";2017-12-17;561
"2349";2017-12-18;1651
"2350";2017-12-19;2036
"2351";2017-12-20;1825
"2352";2017-12-21;1657
"2353";2017-12-22;1346
"2354";2017-12-23;1155
"2355";2017-12-24;563
"2356";2017-12-25;393
"2357";2017-12-26;479
"2358";2017-12-27;942
"2359";2017-12-28;466
"2360";2017-12-29;532
"2361";2017-12-30;459
"2362";2017-12-31;720
"2363";2018-01-01;497
"2364";2018-01-02;1122
"2365";2018-01-03;867
"2366";2018-01-04;844
"2367";2018-01-05;1466
"2368";2018-01-06;1122
"2369";2018-01-07;776
"2370";2018-01-08;2383
"2371";2018-01-09;2715
"2372";2018-01-10;2728
"2373";2018-01-11;2456
"2374";2018-01-12;2306
"2375";2018-01-13;1199
"2376";2018-01-14;715
"2377";2018-01-15;2470
"2378";2018-01-16;1811
"2379";2018-01-17;1557
"2380";2018-01-18;1370
"2381";2018-01-19;1732
"2382";2018-01-20;769
"2383";2018-01-21;549
"2384";2018-01-22;893
"2385";2018-01-23;1941
"2386";2018-01-24;2571
"2387";2018-01-25;2595
"2388";2018-01-26;2355
"2389";2018-01-27;1222
"2390";2018-01-28;1005
"2391";2018-01-29;2814
"2392";2018-01-30;2639
"2393";2018-01-31;2673
"2394";2018-02-01;1437
"2395";2018-02-02;1984
"2396";2018-02-03;1025
"2397";2018-02-04;602
"2398";2018-02-05;1939
"2399";2018-02-06;1977
"2400";2018-02-07;1600
"2401";2018-02-08;1020
"2402";2018-02-09;1376
"2403";2018-02-10;825
"2404";2018-02-11;620
"2405";2018-02-12;1224
"2406";2018-02-13;1305
"2407";2018-02-14;1626
"2408";2018-02-15;1273
"2409";2018-02-16;1024
"2410";2018-02-17;530
"2411";2018-02-18;336
"2412";2018-02-19;1185
"2413";2018-02-20;1161
"2414";2018-02-21;1227
"2415";2018-02-22;1204
"2416";2018-02-23;1067
"2417";2018-02-24;712
"2418";2018-02-25;448
"2419";2018-02-26;1052
"2420";2018-02-27;1034
"2421";2018-02-28;1081
"2422";2018-03-01;1044
"2423";2018-03-02;1142
"2424";2018-03-03;789
"2425";2018-03-04;898
"2426";2018-03-05;2168
"2427";2018-03-06;2108
"2428";2018-03-07;2131
"2429";2018-03-08;2486
"2430";2018-03-09;2309
"2431";2018-03-10;1505
"2432";2018-03-11;1629
"2433";2018-03-12;2060
"2434";2018-03-13;2646
"2435";2018-03-14;2009
"2436";2018-03-15;2664
"2437";2018-03-16;2340
"2438";2018-03-17;1142
"2439";2018-03-18;510
"2440";2018-03-19;1463
"2441";2018-03-20;1288
"2442";2018-03-21;1448
"2443";2018-03-22;1932
"2444";2018-03-23;1526
"2445";2018-03-24;1645
"2446";2018-03-25;1666
"2447";2018-03-26;2028
"2448";2018-03-27;1792
"2449";2018-03-28;1744
"2450";2018-03-29;1850
"2451";2018-03-30;1174
"2452";2018-03-31;860
"2453";2018-04-01;477
"2454";2018-04-02;1541
"2455";2018-04-03;3032
"2456";2018-04-04;3370
"2457";2018-04-05;2496
"2458";2018-04-06;3142
"2459";2018-04-07;3128
"2460";2018-04-08;3345
"2461";2018-04-09;4215
"2462";2018-04-10;4151
"2463";2018-04-11;4718
"2464";2018-04-12;4422
"2465";2018-04-13;3749
"2466";2018-04-14;3614
"2467";2018-04-15;2729
"2468";2018-04-16;1990
"2469";2018-04-17;4609
"2470";2018-04-18;4908
"2471";2018-04-19;5073
"2472";2018-04-20;4969
"2473";2018-04-21;4449
"2474";2018-04-22;3617
"2475";2018-04-23;4008
"2476";2018-04-24;4676
"2477";2018-04-25;4747
"2478";2018-04-26;3012
"2479";2018-04-27;4392
"2480";2018-04-28;3457
"2481";2018-04-29;3528
"2482";2018-04-30;3184
"2483";2018-05-01;2410
"2484";2018-05-02;4234
"2485";2018-05-03;4105
"2486";2018-05-04;3808
"2487";2018-05-05;3436
"2488";2018-05-06;3605
"2489";2018-05-07;5049
"2490";2018-05-08;5308
"2491";2018-05-09;4767
"2492";2018-05-10;2685
"2493";2018-05-11;4052
"2494";2018-05-12;3673
"2495";2018-05-13;2411
"2496";2018-05-14;3382
"2497";2018-05-15;3267
"2498";2018-05-16;1883
"2499";2018-05-17;2576
"2500";2018-05-18;3822
"2501";2018-05-19;2264
"2502";2018-05-20;1399
"2503";2018-05-21;2934
"2504";2018-05-22;3759
"2505";2018-05-23;3682
"2506";2018-05-24;2596
"2507";2018-05-25;3980
"2508";2018-05-26;3326
"2509";2018-05-27;2994
"2510";2018-05-28;4396
"2511";2018-05-29;4332
"2512";2018-05-30;4127
"2513";2018-05-31;2610
"2514";2018-06-01;2890
"2515";2018-06-02;2977
"2516";2018-06-03;3117
"2517";2018-06-04;5447
"2518";2018-06-05;5583
"2519";2018-06-06;4393
"2520";2018-06-07;3785
"2521";2018-06-08;3920
"2522";2018-06-09;3416
"2523";2018-06-10;3028
"2524";2018-06-11;4660
"2525";2018-06-12;3079
"2526";2018-06-13;1737
"2527";2018-06-14;5404
"2528";2018-06-15;4900
"2529";2018-06-16;3800
"2530";2018-06-17;2670
"2531";2018-06-18;4649
"2532";2018-06-19;5323
"2533";2018-06-20;5716
"2534";2018-06-21;4789
"2535";2018-06-22;4237
"2536";2018-06-23;3214
"2537";2018-06-24;2284
"2538";2018-06-25;3694
"2539";2018-06-26;4944
"2540";2018-06-27;4665
"2541";2018-06-28;1922
"2542";2018-06-29;3257
"2543";2018-06-30;3975
"2544";2018-07-01;3262
"2545";2018-07-02;5310
"2546";2018-07-03;5335
"2547";2018-07-04;5050
"2548";2018-07-05;4605
"2549";2018-07-06;1690
"2550";2018-07-07;3745
"2551";2018-07-08;3152
"2552";2018-07-09;5113
"2553";2018-07-10;4245
"2554";2018-07-11;4578
"2555";2018-07-12;5171
"2556";2018-07-13;5069
"2557";2018-07-14;3144
"2558";2018-07-15;2683
"2559";2018-07-16;3506
"2560";2018-07-17;4766
"2561";2018-07-18;5432
"2562";2018-07-19;5596
"2563";2018-07-20;5134
"2564";2018-07-21;1660
"2565";2018-07-22;688
"2566";2018-07-23;4234
"2567";2018-07-24;5753
"2568";2018-07-25;5475
"2569";2018-07-26;5448
"2570";2018-07-27;5363
"2571";2018-07-28;3215
"2572";2018-07-29;2968
"2573";2018-07-30;4909
"2574";2018-07-31;5058
"2575";2018-08-01;5136
"2576";2018-08-02;4708
"2577";2018-08-03;4552
"2578";2018-08-04;3213
"2579";2018-08-05;2650
"2580";2018-08-06;4449
"2581";2018-08-07;4347
"2582";2018-08-08;4608
"2583";2018-08-09;4291
"2584";2018-08-10;2056
"2585";2018-08-11;2940
"2586";2018-08-12;2706
"2587";2018-08-13;2965
"2588";2018-08-14;3158
"2589";2018-08-15;2952
"2590";2018-08-16;3993
"2591";2018-08-17;3888
"2592";2018-08-18;2841
"2593";2018-08-19;2612
"2594";2018-08-20;4088
"2595";2018-08-21;4318
"2596";2018-08-22;4227
"2597";2018-08-23;3550
"2598";2018-08-24;2189
"2599";2018-08-25;1434
"2600";2018-08-26;1859
"2601";2018-08-27;3616
"2602";2018-08-28;3991
"2603";2018-08-29;4012
"2604";2018-08-30;1660
"2605";2018-08-31;1196
"2606";2018-09-01;688
"2607";2018-09-02;1135
"2608";2018-09-03;2988
"2609";2018-09-04;1571
"2610";2018-09-05;3971
"2611";2018-09-06;3944
"2612";2018-09-07;2319
"2613";2018-09-08;2690
"2614";2018-09-09;2852
"2615";2018-09-10;4216
"2616";2018-09-11;4850
"2617";2018-09-12;5049
"2618";2018-09-13;3988
"2619";2018-09-14;2576
"2620";2018-09-15;2695
"2621";2018-09-16;2712
"2622";2018-09-17;4520
"2623";2018-09-18;4873
"2624";2018-09-19;4549
"2625";2018-09-20;4584
"2626";2018-09-21;4242
"2627";2018-09-22;2694
"2628";2018-09-23;1787
"2629";2018-09-24;3563
"2630";2018-09-25;4070
"2631";2018-09-26;3910
"2632";2018-09-27;4334
"2633";2018-09-28;4140
"2634";2018-09-29;2675
"2635";2018-09-30;2693
"2636";2018-10-01;1552
"2637";2018-10-02;3302
"2638";2018-10-03;1676
"2639";2018-10-04;3897
"2640";2018-10-05;3942
"2641";2018-10-06;3008
"2642";2018-10-07;2260
"2643";2018-10-08;3827
"2644";2018-10-09;3951
"2645";2018-10-10;4046
"2646";2018-10-11;4352
"2647";2018-10-12;4162
"2648";2018-10-13;3028
"2649";2018-10-14;2589
"2650";2018-10-15;4233
"2651";2018-10-16;4350
"2652";2018-10-17;4245
"2653";2018-10-18;4029
"2654";2018-10-19;3613
"2655";2018-10-20;2384
"2656";2018-10-21;1893
"2657";2018-10-22;3513
"2658";2018-10-23;3157
"2659";2018-10-24;2111
"2660";2018-10-25;3274
"2661";2018-10-26;3294
"2662";2018-10-27;625
"2663";2018-10-28;401
"2664";2018-10-29;2100
"2665";2018-10-30;2523
"2666";2018-10-31;2488
"2667";2018-11-01;1084
"2668";2018-11-02;1984
"2669";2018-11-03;1426
"2670";2018-11-04;1079
"2671";2018-11-05;3677
"2672";2018-11-06;3716
"2673";2018-11-07;3686
"2674";2018-11-08;3246
"2675";2018-11-09;3017
"2676";2018-11-10;2256
"2677";2018-11-11;1591
"2678";2018-11-12;3562
"2679";2018-11-13;3186
"2680";2018-11-14;3204
"2681";2018-11-15;2983
"2682";2018-11-16;2692
"2683";2018-11-17;1541
"2684";2018-11-18;1038
"2685";2018-11-19;1935
"2686";2018-11-20;2524
"2687";2018-11-21;2179
"2688";2018-11-22;2559
"2689";2018-11-23;2300
"2690";2018-11-24;1047
"2691";2018-11-25;729
"2692";2018-11-26;1502
"2693";2018-11-27;1444
"2694";2018-11-28;1923
"2695";2018-11-29;2227
"2696";2018-11-30;1730
"2697";2018-12-01;1324
"2698";2018-12-02;504
"2699";2018-12-03;2064
"2700";2018-12-04;2050
"2701";2018-12-05;2304
"2702";2018-12-06;2195
"2703";2018-12-07;2413
"2704";2018-12-08;1338
"2705";2018-12-09;442
"2706";2018-12-10;1698
"2707";2018-12-11;1476
"2708";2018-12-12;1327
"2709";2018-12-13;1605
"2710";2018-12-14;1589
"2711";2018-12-15;992
"2712";2018-12-16;389
"2713";2018-12-17;1331
"2714";2018-12-18;1816
"2715";2018-12-19;1726
"2716";2018-12-20;1790
"2717";2018-12-21;1382
"2718";2018-12-22;867
"2719";2018-12-23;443
"2720";2018-12-24;502
"2721";2018-12-25;324
"2722";2018-12-26;386
"2723";2018-12-27;805
"2724";2018-12-28;980
"2725";2018-12-29;702
"2726";2018-12-30;370
"2727";2018-12-31;400
"2728";2019-01-01;326
"2729";2019-01-02;706
"2730";2019-01-03;719
"2731";2019-01-04;542
"2732";2019-01-05;128
"2733";2019-01-06;100
"2734";2019-01-07;786
"2735";2019-01-08;916
"2736";2019-01-09;644
"2737";2019-01-10;392
"2738";2019-01-11;205
"2739";2019-01-12;172
"2740";2019-01-13;161
"2741";2019-01-14;870
"2742";2019-01-15;880
"2743";2019-01-16;1079
"2744";2019-01-17;1193
"2745";2019-01-18;1066
"2746";2019-01-19;671
"2747";2019-01-20;347
"2748";2019-01-21;1064
"2749";2019-01-22;1262
"2750";2019-01-23;1188
"2751";2019-01-24;1191
"2752";2019-01-25;822
"2753";2019-01-26;506
"2754";2019-01-27;428
"2755";2019-01-28;1148
"2756";2019-01-29;1049
"2757";2019-01-30;1131
"2758";2019-01-31;1248
"2759";2019-02-01;1230
"2760";2019-02-02;476
"2761";2019-02-03;113
"2762";2019-02-04;599
"2763";2019-02-05;858
"2764";2019-02-06;896
"2765";2019-02-07;900
"2766";2019-02-08;973
"2767";2019-02-09;620
"2768";2019-02-10;749
"2769";2019-02-11;833
"2770";2019-02-12;1047
"2771";2019-02-13;1388
"2772";2019-02-14;1478
"2773";2019-02-15;1487
"2774";2019-02-16;1192
"2775";2019-02-17;1053
"2776";2019-02-18;1844
"2777";2019-02-19;1961
"2778";2019-02-20;1911
"2779";2019-02-21;2159
"2780";2019-02-22;1318
"2781";2019-02-23;1270
"2782";2019-02-24;872
"2783";2019-02-25;2207
"2784";2019-02-26;2613
"2785";2019-02-27;2607
"2786";2019-02-28;2650
"2787";2019-03-01;1258
"2788";2019-03-02;913
"2789";2019-03-03;1281
"2790";2019-03-04;1654
"2791";2019-03-05;1347
"2792";2019-03-06;2163
"2793";2019-03-07;1688
"2794";2019-03-08;1903
"2795";2019-03-09;890
"2796";2019-03-10;518
"2797";2019-03-11;1302
"2798";2019-03-12;2127
"2799";2019-03-13;1861
"2800";2019-03-14;1466
"2801";2019-03-15;1024
"2802";2019-03-16;1442
"2803";2019-03-17;1868
"2804";2019-03-18;1972
"2805";2019-03-19;2519
"2806";2019-03-20;2798
"2807";2019-03-21;2963
"2808";2019-03-22;2939
"2809";2019-03-23;2411
"2810";2019-03-24;2238
"2811";2019-03-25;2294
"2812";2019-03-26;2465
"2813";2019-03-27;1835
"2814";2019-03-28;2708
"2815";2019-03-29;3067
"2816";2019-03-30;2760
"2817";2019-03-31;2582
"2818";2019-04-01;3449
"2819";2019-04-02;3899
"2820";2019-04-03;3719
"2821";2019-04-04;3141
"2822";2019-04-05;2558
"2823";2019-04-06;2334
"2824";2019-04-07;2312
"2825";2019-04-08;2591
"2826";2019-04-09;3086
"2827";2019-04-10;2538
"2828";2019-04-11;2716
"2829";2019-04-12;2650
"2830";2019-04-13;1840
"2831";2019-04-14;1310
"2832";2019-04-15;2903
"2833";2019-04-16;3390
"2834";2019-04-17;3502
"2835";2019-04-18;3280
"2836";2019-04-19;2292
"2837";2019-04-20;2399
"2838";2019-04-21;1832
"2839";2019-04-22;2155
"2840";2019-04-23;3538
"2841";2019-04-24;4055
"2842";2019-04-25;4196
"2843";2019-04-26;2256
"2844";2019-04-27;1743
"2845";2019-04-28;1519
"2846";2019-04-29;2262
"2847";2019-04-30;2195
"2848";2019-05-01;3131
"2849";2019-05-02;4105
"2850";2019-05-03;1789
"2851";2019-05-04;1439
"2852";2019-05-05;946
"2853";2019-05-06;3054
"2854";2019-05-07;3891
"2855";2019-05-08;3449
"2856";2019-05-09;3450
"2857";2019-05-10;3035
"2858";2019-05-11;1320
"2859";2019-05-12;469
"2860";2019-05-13;3314
"2861";2019-05-14;3598
"2862";2019-05-15;2978
"2863";2019-05-16;3288
"2864";2019-05-17;3957
"2865";2019-05-18;3202
"2866";2019-05-19;2884
"2867";2019-05-20;1138
"2868";2019-05-21;1141
"2869";2019-05-22;2280
"2870";2019-05-23;4150
"2871";2019-05-24;4539
"2872";2019-05-25;2961
"2873";2019-05-26;2669
"2874";2019-05-27;3448
"2875";2019-05-28;1717
"2876";2019-05-29;2600
"2877";2019-05-30;2545
"2878";2019-05-31;3429
"2879";2019-06-01;3337
"2880";2019-06-02;3304
"2881";2019-06-03;5213
"2882";2019-06-04;5617
"2883";2019-06-05;5438
"2884";2019-06-06;4086
"2885";2019-06-07;4873
"2886";2019-06-08;2905
"2887";2019-06-09;2485
"2888";2019-06-10;2174
"2889";2019-06-11;3157
"2890";2019-06-12;3422
"2891";2019-06-13;4420
"2892";2019-06-14;4356
"2893";2019-06-15;2676
"2894";2019-06-16;1842
"2895";2019-06-17;4427
"2896";2019-06-18;4717
"2897";2019-06-19;4539
"2898";2019-06-20;1807
"2899";2019-06-21;2838
"2900";2019-06-22;2031
"2901";2019-06-23;2410
"2902";2019-06-24;5505
"2903";2019-06-25;5768
"2904";2019-06-26;5586
"2905";2019-06-27;5221
"2906";2019-06-28;5253
"2907";2019-06-29;4139
"2908";2019-06-30;3284
"2909";2019-07-01;4049
"2910";2019-07-02;4576
"2911";2019-07-03;5549
"2912";2019-07-04;5693
"2913";2019-07-05;5514
"2914";2019-07-06;3633
"2915";2019-07-07;1443
"2916";2019-07-08;3126
"2917";2019-07-09;7652
"2918";2019-07-10;5758
"2919";2019-07-11;3925
"2920";2019-07-12;3262
"2921";2019-07-13;1785
"2922";2019-07-14;1599
"2923";2019-07-15;4838
"2924";2019-07-16;5796
"2925";2019-07-17;5708
"2926";2019-07-18;5713
"2927";2019-07-19;5068
"2928";2019-07-20;3772
"2929";2019-07-21;2026
"2930";2019-07-22;5662
"2931";2019-07-23;6241
"2932";2019-07-24;5829
"2933";2019-07-25;5662
"2934";2019-07-26;5235
"2935";2019-07-27;2696
"2936";2019-07-28;1353
"2937";2019-07-29;2381
"2938";2019-07-30;5081
"2939";2019-07-31;3259
"2940";2019-08-01;4752
"2941";2019-08-02;4279
"2942";2019-08-03;2402
"2943";2019-08-04;3091
"2944";2019-08-05;4528
"2945";2019-08-06;3899
"2946";2019-08-07;3054
"2947";2019-08-08;4411
"2948";2019-08-09;4517
"2949";2019-08-10;1868
"2950";2019-08-11;2848
"2951";2019-08-12;1569
"2952";2019-08-13;3007
"2953";2019-08-14;3791
"2954";2019-08-15;1459
"2955";2019-08-16;3189
"2956";2019-08-17;2436
"2957";2019-08-18;2757
"2958";2019-08-19;2152
"2959";2019-08-20;1652
"2960";2019-08-21;2760
"2961";2019-08-22;3256
"2962";2019-08-23;3147
"2963";2019-08-24;2918
"2964";2019-08-25;2260
"2965";2019-08-26;3499
"2966";2019-08-27;4154
"2967";2019-08-28;4106
"2968";2019-08-29;3429
"2969";2019-08-30;4000
"2970";2019-08-31;3054
"2971";2019-09-01;2389
"2972";2019-09-02;2054
"2973";2019-09-03;4295
"2974";2019-09-04;4548
"2975";2019-09-05;2214
"2976";2019-09-06;2533
"2977";2019-09-07;1502
"2978";2019-09-08;588
"2979";2019-09-09;2099
"2980";2019-09-10;4305
"2981";2019-09-11;4458
"2982";2019-09-12;4664
"2983";2019-09-13;4776
"2984";2019-09-14;3357
"2985";2019-09-15;3320
"2986";2019-09-16;4718
"2987";2019-09-17;4458
"2988";2019-09-18;4598
"2989";2019-09-19;4484
"2990";2019-09-20;4294
"2991";2019-09-21;3318
"2992";2019-09-22;2573
"2993";2019-09-23;2046
"2994";2019-09-24;4324
"2995";2019-09-25;3850
"2996";2019-09-26;3648
"2997";2019-09-27;4106
"2998";2019-09-28;2562
"2999";2019-09-29;3265
"3000";2019-09-30;3701
"3001";2019-10-01;4943
"3002";2019-10-02;2494
"3003";2019-10-03;1850
"3004";2019-10-04;2647
"3005";2019-10-05;1163
"3006";2019-10-06;1484
"3007";2019-10-07;2119
"3008";2019-10-08;3572
"3009";2019-10-09;1694
"3010";2019-10-10;2937
"3011";2019-10-11;3826
"3012";2019-10-12;3027
"3013";2019-10-13;2793
"3014";2019-10-14;4521
"3015";2019-10-15;4645
"3016";2019-10-16;4047
"3017";2019-10-17;4337
"3018";2019-10-18;3912
"3019";2019-10-19;2445
"3020";2019-10-20;2574
"3021";2019-10-21;3962
"3022";2019-10-22;4141
"3023";2019-10-23;3987
"3024";2019-10-24;4061
"3025";2019-10-25;3833
"3026";2019-10-26;2884
"3027";2019-10-27;2479
"3028";2019-10-28;1779
"3029";2019-10-29;1916
"3030";2019-10-30;2358
"3031";2019-10-31;2336
"3032";2019-11-01;1072
"3033";2019-11-02;1619
"3034";2019-11-03;1149
"3035";2019-11-04;3116
"3036";2019-11-05;2681
"3037";2019-11-06;3213
"3038";2019-11-07;3418
"3039";2019-11-08;2453
"3040";2019-11-09;1726
"3041";2019-11-10;1247
"3042";2019-11-11;2844
"3043";2019-11-12;2790
"3044";2019-11-13;2058
"3045";2019-11-14;2921
"3046";2019-11-15;2667
"3047";2019-11-16;1577
"3048";2019-11-17;1026
"3049";2019-11-18;2978
"3050";2019-11-19;3143
"3051";2019-11-20;2568
"3052";2019-11-21;2874
"3053";2019-11-22;2862
"3054";2019-11-23;2005
"3055";2019-11-24;1453
"3056";2019-11-25;2908
"3057";2019-11-26;3220
"3058";2019-11-27;2804
"3059";2019-11-28;2726
"3060";2019-11-29;2046
"3061";2019-11-30;1657
"3062";2019-12-01;986
"3063";2019-12-02;2124
"3064";2019-12-03;2645
"3065";2019-12-04;2576
"3066";2019-12-05;2482
"3067";2019-12-06;2409
"3068";2019-12-07;1491
"3069";2019-12-08;1303
"3070";2019-12-09;2671
"3071";2019-12-10;2684
"3072";2019-12-11;2603
"3073";2019-12-12;2095
"3074";2019-12-13;2009
"3075";2019-12-14;1309
"3076";2019-12-15;1390
"3077";2019-12-16;2830
"3078";2019-12-17;3104
"3079";2019-12-18;3148
"3080";2019-12-19;3078
"3081";2019-12-20;2854
"3082";2019-12-21;1039
"3083";2019-12-22;919
"3084";2019-12-23;1168
"3085";2019-12-24;653
"3086";2019-12-25;281
"3087";2019-12-26;618
"3088";2019-12-27;644
"3089";2019-12-28;909
"3090";2019-12-29;635
"3091";2019-12-30;1252
"3092";2019-12-31;906
"3093";2020-01-01;625
"3094";2020-01-02;1325
"3095";2020-01-03;1357
"3096";2020-01-04;803
"3097";2020-01-05;773
"3098";2020-01-06;1113
"3099";2020-01-07;2089
"3100";2020-01-08;2211
"3101";2020-01-09;2888
"3102";2020-01-10;2711
"3103";2020-01-11;1483
"3104";2020-01-12;1325
"3105";2020-01-13;2647
"3106";2020-01-14;2953
"3107";2020-01-15;3006
"3108";2020-01-16;3027
"3109";2020-01-17;2802
"3110";2020-01-18;1021
"3111";2020-01-19;608
"3112";2020-01-20;1830
"3113";2020-01-21;2452
"3114";2020-01-22;2324
"3115";2020-01-23;2252
"3116";2020-01-24;2269
"3117";2020-01-25;1401
"3118";2020-01-26;976
"3119";2020-01-27;2431
"3120";2020-01-28;2064
"3121";2020-01-29;1763
"3122";2020-01-30;2395
"3123";2020-01-31;2167
"3124";2020-02-01;1757
"3125";2020-02-02;743
"3126";2020-02-03;1023
"3127";2020-02-04;1509
"3128";2020-02-05;1945
"3129";2020-02-06;2336
"3130";2020-02-07;2155
"3131";2020-02-08;1588
"3132";2020-02-09;1389
"3133";2020-02-10;893
"3134";2020-02-11;1492
"3135";2020-02-12;1926
"3136";2020-02-13;2175
"3137";2020-02-14;1786
"3138";2020-02-15;1720
"3139";2020-02-16;1645
"3140";2020-02-17;2462
"3141";2020-02-18;2787
"3142";2020-02-19;2187
"3143";2020-02-20;2508
"3144";2020-02-21;2392
"3145";2020-02-22;1945
"3146";2020-02-23;808
"3147";2020-02-24;1380
"3148";2020-02-25;1999
"3149";2020-02-26;1668
"3150";2020-02-27;1443
"3151";2020-02-28;1525
"3152";2020-02-29;1559
"3153";2020-03-01;1518
"3154";2020-03-02;2815
"3155";2020-03-03;1942
"3156";2020-03-04;2635
"3157";2020-03-05;2114
"3158";2020-03-06;2297
"3159";2020-03-07;1432
"3160";2020-03-08;1742
"3161";2020-03-09;1939
"3162";2020-03-10;1829
"3163";2020-03-11;2833
"3164";2020-03-12;3230
"3165";2020-03-13;2565
"3166";2020-03-14;2289
"3167";2020-03-15;2315
"3168";2020-03-16;3323
"3169";2020-03-17;2701
"3170";2020-03-18;3212
"3171";2020-03-19;3191
"3172";2020-03-20;3018
"3173";2020-03-21;512
"3174";2020-03-22;631
"3175";2020-03-23;1677
"3176";2020-03-24;1664
"3177";2020-03-25;1630
"3178";2020-03-26;1721
"3179";2020-03-27;2612
"3180";2020-03-28;2838
"3181";2020-03-29;842
"3182";2020-03-30;1256
"3183";2020-03-31;1568
"3184";2020-04-01;2226
"3185";2020-04-02;2641
"3186";2020-04-03;2479
"3187";2020-04-04;2494
"3188";2020-04-05;2737
"3189";2020-04-06;3109
"3190";2020-04-07;3482
"3191";2020-04-08;3563
"3192";2020-04-09;3592
"3193";2020-04-10;3216
"3194";2020-04-11;3892
"3195";2020-04-12;3374
"3196";2020-04-13;2356
"3197";2020-04-14;2455
"3198";2020-04-15;3311
"3199";2020-04-16;3952
"3200";2020-04-17;4113
"3201";2020-04-18;4019
"3202";2020-04-19;3283
"3203";2020-04-20;3153
"3204";2020-04-21;3507
"3205";2020-04-22;4246
"3206";2020-04-23;4374
"3207";2020-04-24;3947
"3208";2020-04-25;4401
"3209";2020-04-26;4162
"3210";2020-04-27;3838
"3211";2020-04-28;3302
"3212";2020-04-29;1898
"3213";2020-04-30;3232
"3214";2020-05-01;1609
"3215";2020-05-02;1673
"3216";2020-05-03;3060
"3217";2020-05-04;3128
"3218";2020-05-05;3290
"3219";2020-05-06;4406
"3220";2020-05-07;5095
"3221";2020-05-08;5138
"3222";2020-05-09;3878
"3223";2020-05-10;2464
"3224";2020-05-11;2798
"3225";2020-05-12;3574
"3226";2020-05-13;2309
"3227";2020-05-14;2454
"3228";2020-05-15;2083
"3229";2020-05-16;4033
"3230";2020-05-17;4255
"3231";2020-05-18;5208
"3232";2020-05-19;5747
"3233";2020-05-20;5154
"3234";2020-05-21;4176
"3235";2020-05-22;4878
"3236";2020-05-23;1901
"3237";2020-05-24;2738
"3238";2020-05-25;3529
"3239";2020-05-26;5078
"3240";2020-05-27;5755
"3241";2020-05-28;4010
"3242";2020-05-29;4710
"3243";2020-05-30;3705
"3244";2020-05-31;2838
"3245";2020-06-01;3813
"3246";2020-06-02;5471
"3247";2020-06-03;5526
"3248";2020-06-04;3013
"3249";2020-06-05;2940
"3250";2020-06-06;2564
"3251";2020-06-07;746
"3252";2020-06-08;3607
"3253";2020-06-09;2548
"3254";2020-06-10;2711
"3255";2020-06-11;2412
"3256";2020-06-12;4795
"3257";2020-06-13;4385
"3258";2020-06-14;844
"3259";2020-06-15;1622
"3260";2020-06-16;2956
"3261";2020-06-17;3823
"3262";2020-06-18;5196
"3263";2020-06-19;2357
"3264";2020-06-20;2478
"3265";2020-06-21;2856
"3266";2020-06-22;4868
"3267";2020-06-23;6469
"3268";2020-06-24;6534
"3269";2020-06-25;5847
"3270";2020-06-26;5534
"3271";2020-06-27;4306
"3272";2020-06-28;3189
"3273";2020-06-29;2703
"3274";2020-06-30;6420
"3275";2020-07-01;6174
"3276";2020-07-02;3765
"3277";2020-07-03;4774
"3278";2020-07-04;4659
"3279";2020-07-05;3781
"3280";2020-07-06;4863
"3281";2020-07-07;6048
"3282";2020-07-08;6451
"3283";2020-07-09;6326
"3284";2020-07-10;4804
"3285";2020-07-11;1847
"3286";2020-07-12;3681
"3287";2020-07-13;5950
"3288";2020-07-14;6469
"3289";2020-07-15;4320
"3290";2020-07-16;2986
"3291";2020-07-17;4295
"3292";2020-07-18;3720
"3293";2020-07-19;3990
"3294";2020-07-20;6250
"3295";2020-07-21;5856
"3296";2020-07-22;6551
"3297";2020-07-23;6091
"3298";2020-07-24;5242
"3299";2020-07-25;4566
"3300";2020-07-26;2256
"3301";2020-07-27;6062
"3302";2020-07-28;5489
"3303";2020-07-29;6075
"3304";2020-07-30;6258
"3305";2020-07-31;5415
"3306";2020-08-01;3773
"3307";2020-08-02;1248
"3308";2020-08-03;1721
"3309";2020-08-04;1694
"3310";2020-08-05;5333
"3311";2020-08-06;5669
"3312";2020-08-07;5112
"3313";2020-08-08;3933
"3314";2020-08-09;3322
"3315";2020-08-10;4976
"3316";2020-08-11;5101
"3317";2020-08-12;5068
"3318";2020-08-13;4297
"3319";2020-08-14;4059
"3320";2020-08-15;2868
"3321";2020-08-16;3315
"3322";2020-08-17;3405
"3323";2020-08-18;3717
"3324";2020-08-19;4719
"3325";2020-08-20;4835
"3326";2020-08-21;4358
"3327";2020-08-22;2099
"3328";2020-08-23;2594
"3329";2020-08-24;4138
"3330";2020-08-25;4774
"3331";2020-08-26;4323
"3332";2020-08-27;4775
"3333";2020-08-28;3327
"3334";2020-08-29;860
"3335";2020-08-30;886
"3336";2020-08-31;3515
"3337";2020-09-01;2710
"3338";2020-09-02;4421
"3339";2020-09-03;4783
"3340";2020-09-04;4792
"3341";2020-09-05;3711
"3342";2020-09-06;1610
"3343";2020-09-07;4522
"3344";2020-09-08;5458
"3345";2020-09-09;6054
"3346";2020-09-10;5833
"3347";2020-09-11;5615
"3348";2020-09-12;4362
"3349";2020-09-13;3675
"3350";2020-09-14;5712
"3351";2020-09-15;6141
"3352";2020-09-16;6179
"3353";2020-09-17;5480
"3354";2020-09-18;5061
"3355";2020-09-19;4044
"3356";2020-09-20;3517
"3357";2020-09-21;5580
"3358";2020-09-22;5363
"3359";2020-09-23;3470
"3360";2020-09-24;4602
"3361";2020-09-25;1652
"3362";2020-09-26;1096
"3363";2020-09-27;2602
"3364";2020-09-28;3211
"3365";2020-09-29;4667
"3366";2020-09-30;4802
"3367";2020-10-01;5103
"3368";2020-10-02;4589
"3369";2020-10-03;1710
"3370";2020-10-04;2650
"3371";2020-10-05;3168
"3372";2020-10-06;3670
"3373";2020-10-07;3081
"3374";2020-10-08;4713
"3375";2020-10-09;4825
"3376";2020-10-10;1276
"3377";2020-10-11;1914
"3378";2020-10-12;3663
"3379";2020-10-13;3727
"3380";2020-10-14;3751
"3381";2020-10-15;3419
"3382";2020-10-16;1938
"3383";2020-10-17;2207
"3384";2020-10-18;1980
"3385";2020-10-19;4245
"3386";2020-10-20;4612
"3387";2020-10-21;4715
"3388";2020-10-22;4659
"3389";2020-10-23;3981
"3390";2020-10-24;2038
"3391";2020-10-25;2727
"3392";2020-10-26;3699
"3393";2020-10-27;3672
"3394";2020-10-28;3932
"3395";2020-10-29;2184
"3396";2020-10-30;3598
"3397";2020-10-31;3438
"3398";2020-11-01;1182
"3399";2020-11-02;3737
"3400";2020-11-03;1989
"3401";2020-11-04;2758
"3402";2020-11-05;3381
"3403";2020-11-06;2895
"3404";2020-11-07;2668
"3405";2020-11-08;2372
"3406";2020-11-09;3706
"3407";2020-11-10;3695
"3408";2020-11-11;3519
"3409";2020-11-12;3688
"3410";2020-11-13;3882
"3411";2020-11-14;3229
"3412";2020-11-15;2632
"3413";2020-11-16;2978
"3414";2020-11-17;3778
"3415";2020-11-18;3950
"3416";2020-11-19;2928
"3417";2020-11-20;3062
"3418";2020-11-21;2263
"3419";2020-11-22;1765
"3420";2020-11-23;3178
"3421";2020-11-24;3407
"3422";2020-11-25;3445
"3423";2020-11-26;3473
"3424";2020-11-27;3255
"3425";2020-11-28;1806
"3426";2020-11-29;1162
"3427";2020-11-30;2911
"3428";2020-12-01;1961
"3429";2020-12-02;2509
"3430";2020-12-03;2738
"3431";2020-12-04;2823
"3432";2020-12-05;1319
"3433";2020-12-06;1030
"3434";2020-12-07;2741
"3435";2020-12-08;2909
"3436";2020-12-09;1881
"3437";2020-12-10;2612
"3438";2020-12-11;2704
"3439";2020-12-12;1579
"3440";2020-12-13;823
"3441";2020-12-14;3095
"3442";2020-12-15;3152
"3443";2020-12-16;2357
"3444";2020-12-17;2516
"3445";2020-12-18;2429
"3446";2020-12-19;1566
"3447";2020-12-20;1025
"3448";2020-12-21;2144
"3449";2020-12-22;1767
"3450";2020-12-23;1889
"3451";2020-12-24;810
"3452";2020-12-25;343
"3453";2020-12-26;695
"3454";2020-12-27;753
"3455";2020-12-28;1038
"3456";2020-12-29;1211
"3457";2020-12-30;1434
"3458";2020-12-31;1228
"3459";2021-01-01;678
"3460";2021-01-02;1020
"3461";2021-01-03;701
"3462";2021-01-04;1557
"3463";2021-01-05;1546
"3464";2021-01-06;306
"3465";2021-01-07;874
"3466";2021-01-08;954
"3467";2021-01-09;748
"3468";2021-01-10;551
"3469";2021-01-11;1232
"3470";2021-01-12;610
"3471";2021-01-13;1155
"3472";2021-01-14;970
"3473";2021-01-15;835
"3474";2021-01-16;598
"3475";2021-01-17;270
"3476";2021-01-18;693
"3477";2021-01-19;567
"3478";2021-01-20;1073
"3479";2021-01-21;1672
"3480";2021-01-22;1812
"3481";2021-01-23;1011
"3482";2021-01-24;798
"3483";2021-01-25;774
"3484";2021-01-26;225
"3485";2021-01-27;162
"3486";2021-01-28;484
"3487";2021-01-29;1143
"3488";2021-01-30;1141
"3489";2021-01-31;664
"3490";2021-02-01;1499
"3491";2021-02-02;1576
"3492";2021-02-03;1337
"3493";2021-02-04;2651
"3494";2021-02-05;2427
"3495";2021-02-06;1916
"3496";2021-02-07;751
"3497";2021-02-08;1942
"3498";2021-02-09;1440
"3499";2021-02-10;1080
"3500";2021-02-11;798
"3501";2021-02-12;863
"3502";2021-02-13;574
"3503";2021-02-14;480
"3504";2021-02-15;1180
"3505";2021-02-16;1499
"3506";2021-02-17;2071
"3507";2021-02-18;2518
"3508";2021-02-19;1960
"3509";2021-02-20;2715
"3510";2021-02-21;2514
"3511";2021-02-22;2979
"3512";2021-02-23;3341
"3513";2021-02-24;3594
"3514";2021-02-25;3710
"3515";2021-02-26;3642
"3516";2021-02-27;2315
"3517";2021-02-28;2112
"3518";2021-03-01;3146
"3519";2021-03-02;3515
"3520";2021-03-03;3401
"3521";2021-03-04;3222
"3522";2021-03-05;1570
"3523";2021-03-06;2121
"3524";2021-03-07;1728
"3525";2021-03-08;3049
"3526";2021-03-09;3120
"3527";2021-03-10;2368
"3528";2021-03-11;2535
"3529";2021-03-12;2891
"3530";2021-03-13;2175
"3531";2021-03-14;678
"3532";2021-03-15;2054
"3533";2021-03-16;1983
"3534";2021-03-17;1928
"3535";2021-03-18;2015
"3536";2021-03-19;1805
"3537";2021-03-20;1258
"3538";2021-03-21;746
"3539";2021-03-22;2140
"3540";2021-03-23;2731
"3541";2021-03-24;3680
"3542";2021-03-25;3903
"3543";2021-03-26;4141
"3544";2021-03-27;1953
"3545";2021-03-28;2687
"3546";2021-03-29;3825
"3547";2021-03-30;4290
"3548";2021-03-31;4492
"3549";2021-04-01;4219
"3550";2021-04-02;1970
"3551";2021-04-03;2168
"3552";2021-04-04;1687
"3553";2021-04-05;1258
"3554";2021-04-06;1659
"3555";2021-04-07;1404
"3556";2021-04-08;1903
"3557";2021-04-09;3320
"3558";2021-04-10;3568
"3559";2021-04-11;3229
"3560";2021-04-12;1665
"3561";2021-04-13;2421
"3562";2021-04-14;2923
"3563";2021-04-15;3059
"3564";2021-04-16;3356
"3565";2021-04-17;2180
"3566";2021-04-18;1304
"3567";2021-04-19;2654
"3568";2021-04-20;3079
"3569";2021-04-21;4249
"3570";2021-04-22;3744
"3571";2021-04-23;4448
"3572";2021-04-24;4451
"3573";2021-04-25;3301
"3574";2021-04-26;4299
"3575";2021-04-27;4474
"3576";2021-04-28;4786
"3577";2021-04-29;3429
"3578";2021-04-30;4016
"3579";2021-05-01;1844
"3580";2021-05-02;924
"3581";2021-05-03;3790
"3582";2021-05-04;4072
"3583";2021-05-05;2103
"3584";2021-05-06;2731
"3585";2021-05-07;2201
"3586";2021-05-08;4414
"3587";2021-05-09;3940
"3588";2021-05-10;5364
"3589";2021-05-11;3999
"3590";2021-05-12;1916
"3591";2021-05-13;1261
"3592";2021-05-14;4277
"3593";2021-05-15;3333
"3594";2021-05-16;2217
"3595";2021-05-17;3167
"3596";2021-05-18;3363
"3597";2021-05-19;2786
"3598";2021-05-20;3823
"3599";2021-05-21;3225
"3600";2021-05-22;3658
"3601";2021-05-23;1706
"3602";2021-05-24;1829
"3603";2021-05-25;3387
"3604";2021-05-26;3495
"3605";2021-05-27;2872
"3606";2021-05-28;3897
"3607";2021-05-29;3888
"3608";2021-05-30;3380
"3609";2021-05-31;4951
"3610";2021-06-01;5065
"3611";2021-06-02;5384
"3612";2021-06-03;3750
"3613";2021-06-04;3944
"3614";2021-06-05;3378
"3615";2021-06-06;1135
"3616";2021-06-07;4294
"3617";2021-06-08;5583
"3618";2021-06-09;5151
"3619";2021-06-10;5422
"3620";2021-06-11;5871
"3621";2021-06-12;4790
"3622";2021-06-13;4330
"3623";2021-06-14;6217
"3624";2021-06-15;6549
"3625";2021-06-16;6484
"3626";2021-06-17;6483
"3627";2021-06-18;6329
"3628";2021-06-19;4773
"3629";2021-06-20;3536
"3630";2021-06-21;5919
"3631";2021-06-22;5013
"3632";2021-06-23;5199
"3633";2021-06-24;4300
"3634";2021-06-25;5029
"3635";2021-06-26;5000
"3636";2021-06-27;3818
"3637";2021-06-28;6176
"3638";2021-06-29;4136
"3639";2021-06-30;4262
"3640";2021-07-01;3431
"3641";2021-07-02;5295
"3642";2021-07-03;5023
"3643";2021-07-04;2430
"3644";2021-07-05;5637
"3645";2021-07-06;6016
"3646";2021-07-07;4728
"3647";2021-07-08;3655
"3648";2021-07-09;3333
"3649";2021-07-10;5136
"3650";2021-07-11;2090
"3651";2021-07-12;6437
"3652";2021-07-13;4355
"3653";2021-07-14;4649
"3654";2021-07-15;4091
"3655";2021-07-16;4952
"3656";2021-07-17;2937
"3657";2021-07-18;2446
"3658";2021-07-19;6127
"3659";2021-07-20;6404
"3660";2021-07-21;6629
"3661";2021-07-22;6502
"3662";2021-07-23;6147
"3663";2021-07-24;4009
"3664";2021-07-25;2583
"3665";2021-07-26;4935
"3666";2021-07-27;6029
"3667";2021-07-28;4283
"3668";2021-07-29;6576
"3669";2021-07-30;5855
"3670";2021-07-31;3957
"3671";2021-08-01;1241
"3672";2021-08-02;4994
"3673";2021-08-03;4618
"3674";2021-08-04;3425
"3675";2021-08-05;3529
"3676";2021-08-06;4089
"3677";2021-08-07;3552
"3678";2021-08-08;1824
"3679";2021-08-09;5025
"3680";2021-08-10;5749
"3681";2021-08-11;5752
"3682";2021-08-12;5552
"3683";2021-08-13;4741
"3684";2021-08-14;4243
"3685";2021-08-15;2775
"3686";2021-08-16;2312
"3687";2021-08-17;4014
"3688";2021-08-18;3762
"3689";2021-08-19;4238
"3690";2021-08-20;4498
"3691";2021-08-21;4049
"3692";2021-08-22;1622
"3693";2021-08-23;3195
"3694";2021-08-24;3198
"3695";2021-08-25;4625
"3696";2021-08-26;2999
"3697";2021-08-27;2855
"3698";2021-08-28;2015
"3699";2021-08-29;1299
"3700";2021-08-30;1684
"3701";2021-08-31;2744
"3702";2021-09-01;4427
"3703";2021-09-02;4694
"3704";2021-09-03;4494
"3705";2021-09-04;4160
"3706";2021-09-05;3308
"3707";2021-09-06;5118
"3708";2021-09-07;5358
"3709";2021-09-08;5427
"3710";2021-09-09;5343
"3711";2021-09-10;4933
"3712";2021-09-11;3485
"3713";2021-09-12;3586
"3714";2021-09-13;5421
"3715";2021-09-14;5930
"3716";2021-09-15;4627
"3717";2021-09-16;2926
"3718";2021-09-17;4699
"3719";2021-09-18;4579
"3720";2021-09-19;2784
"3721";2021-09-20;4142
"3722";2021-09-21;4815
"3723";2021-09-22;4826
"3724";2021-09-23;5193
"3725";2021-09-24;5271
"3726";2021-09-25;4480
"3727";2021-09-26;2940
"3728";2021-09-27;4688
"3729";2021-09-28;4672
"3730";2021-09-29;4217
"3731";2021-09-30;5027
"3732";2021-10-01;5071
"3733";2021-10-02;4568
"3734";2021-10-03;3600
"3735";2021-10-04;4606
"3736";2021-10-05;3369
"3737";2021-10-06;3957
"3738";2021-10-07;4338
"3739";2021-10-08;4454
"3740";2021-10-09;3280
"3741";2021-10-10;2729
"3742";2021-10-11;4408
"3743";2021-10-12;3278
"3744";2021-10-13;3977
"3745";2021-10-14;4227
"3746";2021-10-15;4413
"3747";2021-10-16;3605
"3748";2021-10-17;2751
"3749";2021-10-18;4328
"3750";2021-10-19;4385
"3751";2021-10-20;5251
"3752";2021-10-21;3423
"3753";2021-10-22;3446
"3754";2021-10-23;3268
"3755";2021-10-24;2467
"3756";2021-10-25;4297
"3757";2021-10-26;4282
"3758";2021-10-27;4675
"3759";2021-10-28;4630
"3760";2021-10-29;3938
"3761";2021-10-30;3055
"3762";2021-10-31;2419
"3763";2021-11-01;904
"3764";2021-11-02;3342
"3765";2021-11-03;3095
"3766";2021-11-04;2650
"3767";2021-11-05;3045
"3768";2021-11-06;2641
"3769";2021-11-07;1943
"3770";2021-11-08;3861
"3771";2021-11-09;3940
"3772";2021-11-10;3803
"3773";2021-11-11;4259
"3774";2021-11-12;3409
"3775";2021-11-13;2028
"3776";2021-11-14;1391
"3777";2021-11-15;3545
"3778";2021-11-16;3598
"3779";2021-11-17;3438
"3780";2021-11-18;3704
"3781";2021-11-19;3738
"3782";2021-11-20;2563
"3783";2021-11-21;1867
"3784";2021-11-22;2849
"3785";2021-11-23;3421
"3786";2021-11-24;3486
"3787";2021-11-25;3241
"3788";2021-11-26;2428
"3789";2021-11-27;1965
"3790";2021-11-28;882
"3791";2021-11-29;2343
"3792";2021-11-30;1843
"3793";2021-12-01;2722
"3794";2021-12-02;2648
"3795";2021-12-03;2452
"3796";2021-12-04;1497
"3797";2021-12-05;1069
"3798";2021-12-06;2521
"3799";2021-12-07;2293
"3800";2021-12-08;2285
"3801";2021-12-09;1715
"3802";2021-12-10;1967
"3803";2021-12-11;1287
"3804";2021-12-12;1082
"3805";2021-12-13;2345
"3806";2021-12-14;2810
"3807";2021-12-15;2872
"3808";2021-12-16;2859
"3809";2021-12-17;2995
"3810";2021-12-18;2059
"3811";2021-12-19;1299
"3812";2021-12-20;2739
"3813";2021-12-21;2763
"3814";2021-12-22;2494
"3815";2021-12-23;2204
"3816";2021-12-24;723
"3817";2021-12-25;477
"3818";2021-12-26;396
"3819";2021-12-27;1517
"3820";2021-12-28;1116
"3821";2021-12-29;1558
"3822";2021-12-30;1737
"3823";2021-12-31;1866
"3824";2022-01-01;1356
"3825";2022-01-02;1547
"3826";2022-01-03;2308
"3827";2022-01-04;1922
"3828";2022-01-05;1741
"3829";2022-01-06;804
"3830";2022-01-07;1611
"3831";2022-01-08;1047
"3832";2022-01-09;850
"3833";2022-01-10;2407
"3834";2022-01-11;2640
"3835";2022-01-12;2692
"3836";2022-01-13;2774
"3837";2022-01-14;2884
"3838";2022-01-15;1960
"3839";2022-01-16;1469
"3840";2022-01-17;2590
"3841";2022-01-18;2890
"3842";2022-01-19;3114
"3843";2022-01-20;2031
"3844";2022-01-21;1744
"3845";2022-01-22;839
"3846";2022-01-23;830
"3847";2022-01-24;2349
"3848";2022-01-25;2637
"3849";2022-01-26;2644
"3850";2022-01-27;2705
"3851";2022-01-28;1910
"3852";2022-01-29;1649
"3853";2022-01-30;1025
"3854";2022-01-31;1976
"3855";2022-02-01;1868
"3856";2022-02-02;1955
"3857";2022-02-03;2496
"3858";2022-02-04;2629
"3859";2022-02-05;2130
"3860";2022-02-06;975
"3861";2022-02-07;2038
"3862";2022-02-08;2809
"3863";2022-02-09;3307
"3864";2022-02-10;3260
"3865";2022-02-11;2263
"3866";2022-02-12;2325
"3867";2022-02-13;1904
"3868";2022-02-14;3180
"3869";2022-02-15;2433
"3870";2022-02-16;2607
"3871";2022-02-17;2059
"3872";2022-02-18;2966
"3873";2022-02-19;2351
"3874";2022-02-20;1460
"3875";2022-02-21;2268
"3876";2022-02-22;2544
"3877";2022-02-23;3196
"3878";2022-02-24;3511
"3879";2022-02-25;2678
"3880";2022-02-26;1988
"3881";2022-02-27;1423
"3882";2022-02-28;2689
"3883";2022-03-01;2798
"3884";2022-03-02;2784
"3885";2022-03-03;3107
"3886";2022-03-04;2898
"3887";2022-03-05;2005
"3888";2022-03-06;1578
"3889";2022-03-07;2923
"3890";2022-03-08;3235
"3891";2022-03-09;3545
"3892";2022-03-10;3770
"3893";2022-03-11;3568
"3894";2022-03-12;3190
"3895";2022-03-13;2604
"3896";2022-03-14;4416
"3897";2022-03-15;3809
"3898";2022-03-16;3942
"3899";2022-03-17;4130
"3900";2022-03-18;4224
"3901";2022-03-19;3509
"3902";2022-03-20;2963
"3903";2022-03-21;4666
"3904";2022-03-22;4976
"3905";2022-03-23;5138
"3906";2022-03-24;5299
"3907";2022-03-25;5068
"3908";2022-03-26;4440
"3909";2022-03-27;3429
"3910";2022-03-28;5480
"3911";2022-03-29;5199
"3912";2022-03-30;4090
"3913";2022-03-31;3910
"3914";2022-04-01;2389
"3915";2022-04-02;1305
"3916";2022-04-03;893
"3917";2022-04-04;3699
"3918";2022-04-05;2795
"3919";2022-04-06;4782
"3920";2022-04-07;3964
"3921";2022-04-08;2803
"3922";2022-04-09;2510
"3923";2022-04-10;1535
"3924";2022-04-11;4311
"3925";2022-04-12;5073
"3926";2022-04-13;5084
"3927";2022-04-14;4964
"3928";2022-04-15;2290
"3929";2022-04-16;2472
"3930";2022-04-17;1744
"3931";2022-04-18;2213
"3932";2022-04-19;3837
"3933";2022-04-20;4692
"3934";2022-04-21;4652
"3935";2022-04-22;4444
"3936";2022-04-23;3290
"3937";2022-04-24;1923
"3938";2022-04-25;4234
"3939";2022-04-26;3587
"3940";2022-04-27;5070
"3941";2022-04-28;6096
"3942";2022-04-29;5880
"3943";2022-04-30;3577
"3944";2022-05-01;1985
"3945";2022-05-02;5532
"3946";2022-05-03;5480
"3947";2022-05-04;4465
"3948";2022-05-05;5081
"3949";2022-05-06;3725
"3950";2022-05-07;2769
"3951";2022-05-08;2516
"3952";2022-05-09;6316
"3953";2022-05-10;7208
"3954";2022-05-11;7348
"3955";2022-05-12;7040
"3956";2022-05-13;4304
"3957";2022-05-14;5323
"3958";2022-05-15;4881
"3959";2022-05-16;4857
"3960";2022-05-17;6864
"3961";2022-05-18;7502
"3962";2022-05-19;7219
"3963";2022-05-20;6843
"3964";2022-05-21;5396
"3965";2022-05-22;4266
"3966";2022-05-23;5165
"3967";2022-05-24;3223
"3968";2022-05-25;4113
"3969";2022-05-26;4035
"3970";2022-05-27;5327
"3971";2022-05-28;4324
"3972";2022-05-29;1662
"3973";2022-05-30;5528
"3974";2022-05-31;5449
"3975";2022-06-01;5435
"3976";2022-06-02;5830
"3977";2022-06-03;4661
"3978";2022-06-04;4174
"3979";2022-06-05;1785
"3980";2022-06-06;3030
"3981";2022-06-07;2752
"3982";2022-06-08;4919
"3983";2022-06-09;3255
"3984";2022-06-10;4443
"3985";2022-06-11;4276
"3986";2022-06-12;3477
"3987";2022-06-13;4265
"3988";2022-06-14;5602
"3989";2022-06-15;5498
"3990";2022-06-16;2805
"3991";2022-06-17;4671
"3992";2022-06-18;4037
"3993";2022-06-19;3347
"3994";2022-06-20;5473
"3995";2022-06-21;6163
"3996";2022-06-22;4696
"3997";2022-06-23;6120
"3998";2022-06-24;3886
"3999";2022-06-25;4771
"4000";2022-06-26;3839
"4001";2022-06-27;5473
"4002";2022-06-28;4907
"4003";2022-06-29;5037
"4004";2022-06-30;5803
"4005";2022-07-01;3378
"4006";2022-07-02;4566
"4007";2022-07-03;3667
"4008";2022-07-04;4331
"4009";2022-07-05;6087
"4010";2022-07-06;6210
"4011";2022-07-07;4109
"4012";2022-07-08;5040
"4013";2022-07-09;3949
"4014";2022-07-10;3023
"4015";2022-07-11;5421
"4016";2022-07-12;6214
"4017";2022-07-13;6254
"4018";2022-07-14;5811
"4019";2022-07-15;5610
"4020";2022-07-16;4634
"4021";2022-07-17;3751
"4022";2022-07-18;5957
"4023";2022-07-19;6191
"4024";2022-07-20;5908
"4025";2022-07-21;5205
"4026";2022-07-22;5529
"4027";2022-07-23;3836
"4028";2022-07-24;3527
"4029";2022-07-25;5586
"4030";2022-07-26;4677
"4031";2022-07-27;5900
"4032";2022-07-28;5979
"4033";2022-07-29;5036
"4034";2022-07-30;3996
"4035";2022-07-31;3393
"4036";2022-08-01;4943
"4037";2022-08-02;5510
"4038";2022-08-03;5628
"4039";2022-08-04;5170
"4040";2022-08-05;4627
"4041";2022-08-06;2643
"4042";2022-08-07;2950
"4043";2022-08-08;4788
"4044";2022-08-09;5108
"4045";2022-08-10;5081
"4046";2022-08-11;4741
"4047";2022-08-12;4259
"4048";2022-08-13;3254
"4049";2022-08-14;2766
"4050";2022-08-15;2729
"4051";2022-08-16;4675
"4052";2022-08-17;4580
"4053";2022-08-18;3826
"4054";2022-08-19;2334
"4055";2022-08-20;1696
"4056";2022-08-21;2772
"4057";2022-08-22;4263
"4058";2022-08-23;4606
"4059";2022-08-24;4708
"4060";2022-08-25;4391
"4061";2022-08-26;3645
"4062";2022-08-27;2426
"4063";2022-08-28;1276
"4064";2022-08-29;4200
"4065";2022-08-30;4733
"4066";2022-08-31;2701
"4067";2022-09-01;4340
"4068";2022-09-02;4677
"4069";2022-09-03;2753
"4070";2022-09-04;3057
"4071";2022-09-05;5161
"4072";2022-09-06;5118
"4073";2022-09-07;5039
"4074";2022-09-08;3804
"4075";2022-09-09;3893
"4076";2022-09-10;2221
"4077";2022-09-11;1585
"4078";2022-09-12;5187
"4079";2022-09-13;5670
"4080";2022-09-14;4259
"4081";2022-09-15;3798
"4082";2022-09-16;3202
"4083";2022-09-17;2297
"4084";2022-09-18;1244
"4085";2022-09-19;4173
"4086";2022-09-20;4414
"4087";2022-09-21;4883
"4088";2022-09-22;4910
"4089";2022-09-23;4802
"4090";2022-09-24;2329
"4091";2022-09-25;1686
"4092";2022-09-26;3575
"4093";2022-09-27;3318
"4094";2022-09-28;2451
"4095";2022-09-29;2846
"4096";2022-09-30;3635
"4097";2022-10-01;2016
"4098";2022-10-02;1077
"4099";2022-10-03;2458
"4100";2022-10-04;4533
"4101";2022-10-05;4881
"4102";2022-10-06;4674
"4103";2022-10-07;4505
"4104";2022-10-08;2695
"4105";2022-10-09;2282
"4106";2022-10-10;4440
"4107";2022-10-11;4388
"4108";2022-10-12;4400
"4109";2022-10-13;4560
"4110";2022-10-14;4026
"4111";2022-10-15;2710
"4112";2022-10-16;3190
"4113";2022-10-17;5368
"4114";2022-10-18;5087
"4115";2022-10-19;4691
"4116";2022-10-20;4849
"4117";2022-10-21;3974
"4118";2022-10-22;3146
"4119";2022-10-23;2870
"4120";2022-10-24;2939
"4121";2022-10-25;4931
"4122";2022-10-26;4510
"4123";2022-10-27;5256
"4124";2022-10-28;4754
"4125";2022-10-29;3719
"4126";2022-10-30;2862
"4127";2022-10-31;3647
"4128";2022-11-01;2094
"4129";2022-11-02;4133
"4130";2022-11-03;4206
"4131";2022-11-04;2213
"4132";2022-11-05;2027
"4133";2022-11-06;2126
"4134";2022-11-07;4695
"4135";2022-11-08;4866
"4136";2022-11-09;4642
"4137";2022-11-10;4418
"4138";2022-11-11;4305
"4139";2022-11-12;2888
"4140";2022-11-13;1980
"4141";2022-11-14;4386
"4142";2022-11-15;4669
"4143";2022-11-16;3100
"4144";2022-11-17;3750
"4145";2022-11-18;2636
"4146";2022-11-19;2453
"4147";2022-11-20;1491
"4148";2022-11-21;3642
"4149";2022-11-22;2792
"4150";2022-11-23;3884
"4151";2022-11-24;3396
"4152";2022-11-25;2907
"4153";2022-11-26;2253
"4154";2022-11-27;1670
"4155";2022-11-28;3423
"4156";2022-11-29;2681
"4157";2022-11-30;3567
"4158";2022-12-01;3578
"4159";2022-12-02;2836
"4160";2022-12-03;2042
"4161";2022-12-04;1385
"4162";2022-12-05;3120
"4163";2022-12-06;3387
"4164";2022-12-07;3479
"4165";2022-12-08;3443
"4166";2022-12-09;2769
"4167";2022-12-10;1305
"4168";2022-12-11;506
"4169";2022-12-12;1635
"4170";2022-12-13;1572
"4171";2022-12-14;1007
"4172";2022-12-15;827
"4173";2022-12-16;575
"4174";2022-12-17;279
"4175";2022-12-18;172
"4176";2022-12-19;852
"4177";2022-12-20;1308
"4178";2022-12-21;1678
"4179";2022-12-22;2143
"4180";2022-12-23;1722
"4181";2022-12-24;964
"4182";2022-12-25;658
"4183";2022-12-26;525
"4184";2022-12-27;1561
"4185";2022-12-28;1667
"4186";2022-12-29;1904
"4187";2022-12-30;1813
"4188";2022-12-31;1567
