"Week";"Barrels";"year";"week"
1991 W06;6,621;1991;5
1991 W07;6,433;1991;6
1991 W08;6,582;1991;7
1991 W09;7,224;1991;8
1991 W10;6,875;1991;9
1991 W11;6,947;1991;10
1991 W12;7,328;1991;11
1991 W13;6,777;1991;12
1991 W14;7,503;1991;13
1991 W15;6,916;1991;14
1991 W16;7,045;1991;15
1991 W17;6,956;1991;16
1991 W18;6,976;1991;17
1991 W19;7,185;1991;18
1991 W20;6,899;1991;19
1991 W21;7,396;1991;20
1991 W22;7,287;1991;21
1991 W23;7,22;1991;22
1991 W24;7,651;1991;23
1991 W25;7,72;1991;24
1991 W26;7,543;1991;25
1991 W27;7,961;1991;26
1991 W28;7,327;1991;27
1991 W29;7,38;1991;28
1991 W30;7,501;1991;29
1991 W31;7,605;1991;30
1991 W32;7,584;1991;31
1991 W33;7,401;1991;32
1991 W34;7,505;1991;33
1991 W35;7,427;1991;34
1991 W36;6,993;1991;35
1991 W37;7,402;1991;36
1991 W38;7,391;1991;37
1991 W39;7,088;1991;38
1991 W40;6,949;1991;39
1991 W41;7,506;1991;40
1991 W42;7,396;1991;41
1991 W43;7,421;1991;42
1991 W44;7,159;1991;43
1991 W45;7,379;1991;44
1991 W46;7,369;1991;45
1991 W47;6,652;1991;46
1991 W48;6,769;1991;47
1991 W49;6,828;1991;48
1991 W50;7,344;1991;49
1991 W51;7,447;1991;50
1991 W52;7,186;1991;51
1992 W01;6,642;1992;52
1992 W02;6,788;1992;1
1992 W03;6,783;1992;2
1992 W04;7,037;1992;3
1992 W05;7,112;1992;4
1992 W06;7,039;1992;5
1992 W07;6,576;1992;6
1992 W08;7,002;1992;7
1992 W09;6,77;1992;8
1992 W10;7,002;1992;9
1992 W11;6,806;1992;10
1992 W12;7,221;1992;11
1992 W13;7,379;1992;12
1992 W14;7,027;1992;13
1992 W15;7,744;1992;14
1992 W16;6,464;1992;15
1992 W17;7,376;1992;16
1992 W18;7,899;1992;17
1992 W19;7,318;1992;18
1992 W20;7,174;1992;19
1992 W21;7,086;1992;20
1992 W22;7,774;1992;21
1992 W23;7,104;1992;22
1992 W24;7,129;1992;23
1992 W25;7,407;1992;24
1992 W26;7,701;1992;25
1992 W27;7,572;1992;26
1992 W28;7,813;1992;27
1992 W29;7,422;1992;28
1992 W30;7,792;1992;29
1992 W31;7,433;1992;30
1992 W32;7,796;1992;31
1992 W33;7,7;1992;32
1992 W34;7,365;1992;33
1992 W35;7,814;1992;34
1992 W36;7,326;1992;35
1992 W37;7,473;1992;36
1992 W38;7,181;1992;37
1992 W39;7,286;1992;38
1992 W40;7,293;1992;39
1992 W41;7,514;1992;40
1992 W42;7,204;1992;41
1992 W43;7,276;1992;42
1992 W44;7,509;1992;43
1992 W45;6,923;1992;44
1992 W46;7,056;1992;45
1992 W47;7,24;1992;46
1992 W48;7,138;1992;47
1992 W49;7,432;1992;48
1992 W50;7,354;1992;49
1992 W51;7,4;1992;50
1992 W52;7,596;1992;51
1992 W53;7,358;1992;52
1993 W01;6,852;1993;1
1993 W02;6,726;1993;2
1993 W03;7,131;1993;3
1993 W04;6,603;1993;4
1993 W05;7,322;1993;5
1993 W06;6,779;1993;6
1993 W07;7,325;1993;7
1993 W08;6,961;1993;8
1993 W09;7,188;1993;9
1993 W10;7,1;1993;10
1993 W11;7,239;1993;11
1993 W12;7,194;1993;12
1993 W13;6,964;1993;13
1993 W14;6,797;1993;14
1993 W15;7,561;1993;15
1993 W16;7,392;1993;16
1993 W17;7,47;1993;17
1993 W18;7,657;1993;18
1993 W19;7,649;1993;19
1993 W20;7,295;1993;20
1993 W21;7,364;1993;21
1993 W22;7,018;1993;22
1993 W23;7,74;1993;23
1993 W24;7,392;1993;24
1993 W25;7,804;1993;25
1993 W26;7,868;1993;26
1993 W27;7,578;1993;27
1993 W28;8,113;1993;28
1993 W29;7,916;1993;29
1993 W30;7,336;1993;30
1993 W31;8,033;1993;31
1993 W32;7,581;1993;32
1993 W33;8,187;1993;33
1993 W34;7,629;1993;34
1993 W35;7,386;1993;35
1993 W36;7,889;1993;36
1993 W37;7,478;1993;37
1993 W38;7,485;1993;38
1993 W39;7,387;1993;39
1993 W40;7,276;1993;40
1993 W41;7,613;1993;41
1993 W42;7,704;1993;42
1993 W43;7,788;1993;43
1993 W44;7,64;1993;44
1993 W45;7,552;1993;45
1993 W46;7,992;1993;46
1993 W47;6,845;1993;47
1993 W48;7,43;1993;48
1993 W49;8,074;1993;49
1993 W50;7,684;1993;50
1993 W51;7,411;1993;51
1993 W52;7,567;1993;52
1994 W01;7,124;1994;1
1994 W02;7,124;1994;2
1994 W03;7,157;1994;3
1994 W04;6,321;1994;4
1994 W05;6,953;1994;5
1994 W06;7,487;1994;6
1994 W07;6,993;1994;7
1994 W08;7,372;1994;8
1994 W09;7,286;1994;9
1994 W10;7,214;1994;10
1994 W11;7,521;1994;11
1994 W12;7,481;1994;12
1994 W13;7,398;1994;13
1994 W14;7,187;1994;14
1994 W15;7,72;1994;15
1994 W16;7,042;1994;16
1994 W17;7,892;1994;17
1994 W18;6,824;1994;18
1994 W19;7,552;1994;19
1994 W20;7,938;1994;20
1994 W21;8,028;1994;21
1994 W22;7,461;1994;22
1994 W23;7,77;1994;23
1994 W24;7,65;1994;24
1994 W25;7,909;1994;25
1994 W26;7,93;1994;26
1994 W27;7,562;1994;27
1994 W28;8,006;1994;28
1994 W29;7,523;1994;29
1994 W30;7,581;1994;30
1994 W31;7,638;1994;31
1994 W32;8,187;1994;32
1994 W33;7,836;1994;33
1994 W34;7,75;1994;34
1994 W35;8,061;1994;35
1994 W36;6,955;1994;36
1994 W37;7,601;1994;37
1994 W38;7,763;1994;38
1994 W39;7,733;1994;39
1994 W40;7,515;1994;40
1994 W41;7,562;1994;41
1994 W42;8,143;1994;42
1994 W43;8,204;1994;43
1994 W44;7,432;1994;44
1994 W45;7,377;1994;45
1994 W46;7,929;1994;46
1994 W47;7,431;1994;47
1994 W48;7,593;1994;48
1994 W49;8,229;1994;49
1994 W50;7,933;1994;50
1994 W51;8,278;1994;51
1994 W52;7,718;1994;52
1995 W01;7,134;1995;1
1995 W02;7,534;1995;2
1995 W03;7,26;1995;3
1995 W04;6,976;1995;4
1995 W05;7,267;1995;5
1995 W06;7,132;1995;6
1995 W07;7,398;1995;7
1995 W08;7,67;1995;8
1995 W09;7,194;1995;9
1995 W10;7,548;1995;10
1995 W11;7,834;1995;11
1995 W12;7,797;1995;12
1995 W13;8,195;1995;13
1995 W14;7,588;1995;14
1995 W15;7,543;1995;15
1995 W16;8,156;1995;16
1995 W17;7,731;1995;17
1995 W18;7,539;1995;18
1995 W19;8,052;1995;19
1995 W20;8,183;1995;20
1995 W21;7,797;1995;21
1995 W22;8,46;1995;22
1995 W23;8,055;1995;23
1995 W24;7,971;1995;24
1995 W25;8,489;1995;25
1995 W26;8,238;1995;26
1995 W27;7,996;1995;27
1995 W28;7,866;1995;28
1995 W29;8,483;1995;29
1995 W30;8,213;1995;30
1995 W31;8,402;1995;31
1995 W32;7,628;1995;32
1995 W33;8,411;1995;33
1995 W34;8,206;1995;34
1995 W35;7,825;1995;35
1995 W36;8,078;1995;36
1995 W37;8,249;1995;37
1995 W38;7,821;1995;38
1995 W39;7,257;1995;39
1995 W40;8,106;1995;40
1995 W41;7,879;1995;41
1995 W42;7,712;1995;42
1995 W43;8,103;1995;43
1995 W44;7,449;1995;44
1995 W45;8,477;1995;45
1995 W46;8,021;1995;46
1995 W47;7,84;1995;47
1995 W48;7,439;1995;48
1995 W49;7,949;1995;49
1995 W50;7,489;1995;50
1995 W51;8,115;1995;51
1995 W52;7,035;1995;52
1996 W01;7,958;1996;1
1996 W02;7,513;1996;2
1996 W03;6,949;1996;3
1996 W04;7,393;1996;4
1996 W05;7,513;1996;5
1996 W06;7,52;1996;6
1996 W07;7,868;1996;7
1996 W08;7,826;1996;8
1996 W09;7,338;1996;9
1996 W10;7,877;1996;10
1996 W11;7,757;1996;11
1996 W12;7,9;1996;12
1996 W13;7,568;1996;13
1996 W14;7,28;1996;14
1996 W15;7,804;1996;15
1996 W16;7,433;1996;16
1996 W17;8,079;1996;17
1996 W18;7,592;1996;18
1996 W19;8,267;1996;19
1996 W20;7,512;1996;20
1996 W21;8,08;1996;21
1996 W22;7,836;1996;22
1996 W23;7,946;1996;23
1996 W24;7,957;1996;24
1996 W25;7,956;1996;25
1996 W26;8,563;1996;26
1996 W27;8,015;1996;27
1996 W28;7,968;1996;28
1996 W29;8,152;1996;29
1996 W30;8,067;1996;30
1996 W31;8,279;1996;31
1996 W32;7,722;1996;32
1996 W33;7,818;1996;33
1996 W34;8,364;1996;34
1996 W35;8,369;1996;35
1996 W36;7,843;1996;36
1996 W37;7,537;1996;37
1996 W38;8;1996;38
1996 W39;7,619;1996;39
1996 W40;7,935;1996;40
1996 W41;7,637;1996;41
1996 W42;7,958;1996;42
1996 W43;7,991;1996;43
1996 W44;7,682;1996;44
1996 W45;7,804;1996;45
1996 W46;8,073;1996;46
1996 W47;7,883;1996;47
1996 W48;7,37;1996;48
1996 W49;7,706;1996;49
1996 W50;8,355;1996;50
1996 W51;8,051;1996;51
1996 W52;7,74;1996;52
1997 W01;7,122;1997;53
1997 W02;7,44;1997;1
1997 W03;7,408;1997;2
1997 W04;7,265;1997;3
1997 W05;7,125;1997;4
1997 W06;7,013;1997;5
1997 W07;7,53;1997;6
1997 W08;8,011;1997;7
1997 W09;7,779;1997;8
1997 W10;7,417;1997;9
1997 W11;8,125;1997;10
1997 W12;7,729;1997;11
1997 W13;7,492;1997;12
1997 W14;8,115;1997;13
1997 W15;7,791;1997;14
1997 W16;7,914;1997;15
1997 W17;7,922;1997;16
1997 W18;8,224;1997;17
1997 W19;7,765;1997;18
1997 W20;8,253;1997;19
1997 W21;8,088;1997;20
1997 W22;8,154;1997;21
1997 W23;7,59;1997;22
1997 W24;8,009;1997;23
1997 W25;8,557;1997;24
1997 W26;8,234;1997;25
1997 W27;8,489;1997;26
1997 W28;8,606;1997;27
1997 W29;8,595;1997;28
1997 W30;8,6;1997;29
1997 W31;8,29;1997;30
1997 W32;8,253;1997;31
1997 W33;8,539;1997;32
1997 W34;7,922;1997;33
1997 W35;8,695;1997;34
1997 W36;8,053;1997;35
1997 W37;8,215;1997;36
1997 W38;7,746;1997;37
1997 W39;8,14;1997;38
1997 W40;8,379;1997;39
1997 W41;8,221;1997;40
1997 W42;8,315;1997;41
1997 W43;7,741;1997;42
1997 W44;8,355;1997;43
1997 W45;8,025;1997;44
1997 W46;7,793;1997;45
1997 W47;8,043;1997;46
1997 W48;7,578;1997;47
1997 W49;8,437;1997;48
1997 W50;7,955;1997;49
1997 W51;8,151;1997;50
1997 W52;8,201;1997;51
1998 W01;7,832;1998;52
1998 W02;7,673;1998;1
1998 W03;7,779;1998;2
1998 W04;7,94;1998;3
1998 W05;7,67;1998;4
1998 W06;7,673;1998;5
1998 W07;8,201;1998;6
1998 W08;8,005;1998;7
1998 W09;7,662;1998;8
1998 W10;7,744;1998;9
1998 W11;8,103;1998;10
1998 W12;7,753;1998;11
1998 W13;7,996;1998;12
1998 W14;8,992;1998;13
1998 W15;8,031;1998;14
1998 W16;8,303;1998;15
1998 W17;8,118;1998;16
1998 W18;8,19;1998;17
1998 W19;7,503;1998;18
1998 W20;8,524;1998;19
1998 W21;8,337;1998;20
1998 W22;8,205;1998;21
1998 W23;8,312;1998;22
1998 W24;8,103;1998;23
1998 W25;8,16;1998;24
1998 W26;8,644;1998;25
1998 W27;8,755;1998;26
1998 W28;8,234;1998;27
1998 W29;8,749;1998;28
1998 W30;8,125;1998;29
1998 W31;8,997;1998;30
1998 W32;8,317;1998;31
1998 W33;8,981;1998;32
1998 W34;8,288;1998;33
1998 W35;8,607;1998;34
1998 W36;8,713;1998;35
1998 W37;8,722;1998;36
1998 W38;7,873;1998;37
1998 W39;8,359;1998;38
1998 W40;8,058;1998;39
1998 W41;8,797;1998;40
1998 W42;8,049;1998;41
1998 W43;8,099;1998;42
1998 W44;8,36;1998;43
1998 W45;8,195;1998;44
1998 W46;7,711;1998;45
1998 W47;8,381;1998;46
1998 W48;8,313;1998;47
1998 W49;8,162;1998;48
1998 W50;8,314;1998;49
1998 W51;8,588;1998;50
1998 W52;8,153;1998;51
1998 W53;8,519;1998;52
1999 W01;7,385;1999;1
1999 W02;7,81;1999;2
1999 W03;8,186;1999;3
1999 W04;7,866;1999;4
1999 W05;7,532;1999;5
1999 W06;8,756;1999;6
1999 W07;7,948;1999;7
1999 W08;8,316;1999;8
1999 W09;8,273;1999;9
1999 W10;8,451;1999;10
1999 W11;8,367;1999;11
1999 W12;8,337;1999;12
1999 W13;7,959;1999;13
1999 W14;7,878;1999;14
1999 W15;8,066;1999;15
1999 W16;8,923;1999;16
1999 W17;7,825;1999;17
1999 W18;8,059;1999;18
1999 W19;8,761;1999;19
1999 W20;8,275;1999;20
1999 W21;8,401;1999;21
1999 W22;8,193;1999;22
1999 W23;8,827;1999;23
1999 W24;8,522;1999;24
1999 W25;9,045;1999;25
1999 W26;9,076;1999;26
1999 W27;8,679;1999;27
1999 W28;8,622;1999;28
1999 W29;8,639;1999;29
1999 W30;8,537;1999;30
1999 W31;8,644;1999;31
1999 W32;8,519;1999;32
1999 W33;8,415;1999;33
1999 W34;8,81;1999;34
1999 W35;8,778;1999;35
1999 W36;8,593;1999;36
1999 W37;8,504;1999;37
1999 W38;8,865;1999;38
1999 W39;8,557;1999;39
1999 W40;8,433;1999;40
1999 W41;8,406;1999;41
1999 W42;8,521;1999;42
1999 W43;8,532;1999;43
1999 W44;8,333;1999;44
1999 W45;8,416;1999;45
1999 W46;8,404;1999;46
1999 W47;8,416;1999;47
1999 W48;7,67;1999;48
1999 W49;8,557;1999;49
1999 W50;8,638;1999;50
1999 W51;8,59;1999;51
1999 W52;8,851;1999;52
2000 W01;7,907;2000;1
2000 W02;7,543;2000;2
2000 W03;7,919;2000;3
2000 W04;8,385;2000;4
2000 W05;7,642;2000;5
2000 W06;8,375;2000;6
2000 W07;8,524;2000;7
2000 W08;8,072;2000;8
2000 W09;7,608;2000;9
2000 W10;8,662;2000;10
2000 W11;8,201;2000;11
2000 W12;8,384;2000;12
2000 W13;7,896;2000;13
2000 W14;8,655;2000;14
2000 W15;8,557;2000;15
2000 W16;8,616;2000;16
2000 W17;8,302;2000;17
2000 W18;8,679;2000;18
2000 W19;8,242;2000;19
2000 W20;8,408;2000;20
2000 W21;9,075;2000;21
2000 W22;8,863;2000;22
2000 W23;8,403;2000;23
2000 W24;8,895;2000;24
2000 W25;8,475;2000;25
2000 W26;8,62;2000;26
2000 W27;8,519;2000;27
2000 W28;8,844;2000;28
2000 W29;8,361;2000;29
2000 W30;8,614;2000;30
2000 W31;8,759;2000;31
2000 W32;8,813;2000;32
2000 W33;8,786;2000;33
2000 W34;8,96;2000;34
2000 W35;8,644;2000;35
2000 W36;8,573;2000;36
2000 W37;8,814;2000;37
2000 W38;8,153;2000;38
2000 W39;7,819;2000;39
2000 W40;8,34;2000;40
2000 W41;8,663;2000;41
2000 W42;8,604;2000;42
2000 W43;8,942;2000;43
2000 W44;8,78;2000;44
2000 W45;8,216;2000;45
2000 W46;8,419;2000;46
2000 W47;8,063;2000;47
2000 W48;8,233;2000;48
2000 W49;8,711;2000;49
2000 W50;8,475;2000;50
2000 W51;8,4;2000;51
2000 W52;8,693;2000;52
2001 W01;7,825;2001;1
2001 W02;8,225;2001;2
2001 W03;7,894;2001;3
2001 W04;7,338;2001;4
2001 W05;8,589;2001;5
2001 W06;8,032;2001;6
2001 W07;7,85;2001;7
2001 W08;8,187;2001;8
2001 W09;8,489;2001;9
2001 W10;8,425;2001;10
2001 W11;8,484;2001;11
2001 W12;8,475;2001;12
2001 W13;8,507;2001;13
2001 W14;8,306;2001;14
2001 W15;8,438;2001;15
2001 W16;8,708;2001;16
2001 W17;8,404;2001;17
2001 W18;8,665;2001;18
2001 W19;8,275;2001;19
2001 W20;8,917;2001;20
2001 W21;8,27;2001;21
2001 W22;8,809;2001;22
2001 W23;8,428;2001;23
2001 W24;8,393;2001;24
2001 W25;8,921;2001;25
2001 W26;9,036;2001;26
2001 W27;8,622;2001;27
2001 W28;9,095;2001;28
2001 W29;9,176;2001;29
2001 W30;9,007;2001;30
2001 W31;8,959;2001;31
2001 W32;8,671;2001;32
2001 W33;9,035;2001;33
2001 W34;8,943;2001;34
2001 W35;8,612;2001;35
2001 W36;8,529;2001;36
2001 W37;8,969;2001;37
2001 W38;7,834;2001;38
2001 W39;8,514;2001;39
2001 W40;8,5;2001;40
2001 W41;8,766;2001;41
2001 W42;8,619;2001;42
2001 W43;8,702;2001;43
2001 W44;8,797;2001;44
2001 W45;8,771;2001;45
2001 W46;8,612;2001;46
2001 W47;8,868;2001;47
2001 W48;8,517;2001;48
2001 W49;8,327;2001;49
2001 W50;8,622;2001;50
2001 W51;8,888;2001;51
2001 W52;8,86;2001;52
2002 W01;8,288;2002;53
2002 W02;8,359;2002;1
2002 W03;8,049;2002;2
2002 W04;8,184;2002;3
2002 W05;8,223;2002;4
2002 W06;8,117;2002;5
2002 W07;8,428;2002;6
2002 W08;8,729;2002;7
2002 W09;8,782;2002;8
2002 W10;8,277;2002;9
2002 W11;8,713;2002;10
2002 W12;8,621;2002;11
2002 W13;8,386;2002;12
2002 W14;8,865;2002;13
2002 W15;8,84;2002;14
2002 W16;8,684;2002;15
2002 W17;8,699;2002;16
2002 W18;8,521;2002;17
2002 W19;8,548;2002;18
2002 W20;9,19;2002;19
2002 W21;8,685;2002;20
2002 W22;8,778;2002;21
2002 W23;9,004;2002;22
2002 W24;8,771;2002;23
2002 W25;8,752;2002;24
2002 W26;9,172;2002;25
2002 W27;9,004;2002;26
2002 W28;8,985;2002;27
2002 W29;9,056;2002;28
2002 W30;9,093;2002;29
2002 W31;9,297;2002;30
2002 W32;9,27;2002;31
2002 W33;8,939;2002;32
2002 W34;9,173;2002;33
2002 W35;9,135;2002;34
2002 W36;8,844;2002;35
2002 W37;8,899;2002;36
2002 W38;8,625;2002;37
2002 W39;8,582;2002;38
2002 W40;8,895;2002;39
2002 W41;9,09;2002;40
2002 W42;8,653;2002;41
2002 W43;9,022;2002;42
2002 W44;9,324;2002;43
2002 W45;8,759;2002;44
2002 W46;8,54;2002;45
2002 W47;8,667;2002;46
2002 W48;9,06;2002;47
2002 W49;8,616;2002;48
2002 W50;8,854;2002;49
2002 W51;9,063;2002;50
2002 W52;8,989;2002;51
2003 W01;8,411;2003;52
2003 W02;8,335;2003;1
2003 W03;8,645;2003;2
2003 W04;8,793;2003;3
2003 W05;8,551;2003;4
2003 W06;8,106;2003;5
2003 W07;8,454;2003;6
2003 W08;8,619;2003;7
2003 W09;8,421;2003;8
2003 W10;9,02;2003;9
2003 W11;8,596;2003;10
2003 W12;8,666;2003;11
2003 W13;8,284;2003;12
2003 W14;8,458;2003;13
2003 W15;8,64;2003;14
2003 W16;8,737;2003;15
2003 W17;8,358;2003;16
2003 W18;8,834;2003;17
2003 W19;8,894;2003;18
2003 W20;8,992;2003;19
2003 W21;9,299;2003;20
2003 W22;8,516;2003;21
2003 W23;8,529;2003;22
2003 W24;8,88;2003;23
2003 W25;8,833;2003;24
2003 W26;9,476;2003;25
2003 W27;9,05;2003;26
2003 W28;8,763;2003;27
2003 W29;9,177;2003;28
2003 W30;9,563;2003;29
2003 W31;9,303;2003;30
2003 W32;9,381;2003;31
2003 W33;9,325;2003;32
2003 W34;9,668;2003;33
2003 W35;9,337;2003;34
2003 W36;8,886;2003;35
2003 W37;8,974;2003;36
2003 W38;9,166;2003;37
2003 W39;8,69;2003;38
2003 W40;9,19;2003;39
2003 W41;9,156;2003;40
2003 W42;8,754;2003;41
2003 W43;9,413;2003;42
2003 W44;9,316;2003;43
2003 W45;8,995;2003;44
2003 W46;9,232;2003;45
2003 W47;8,725;2003;46
2003 W48;8,979;2003;47
2003 W49;8,776;2003;48
2003 W50;8,93;2003;49
2003 W51;9,166;2003;50
2003 W52;8,726;2003;51
2004 W01;8,686;2004;52
2004 W02;8,411;2004;1
2004 W03;8,426;2004;2
2004 W04;8,543;2004;3
2004 W05;8,514;2004;4
2004 W06;8,627;2004;5
2004 W07;8,727;2004;6
2004 W08;8,796;2004;7
2004 W09;8,97;2004;8
2004 W10;8,968;2004;9
2004 W11;9,044;2004;10
2004 W12;8,818;2004;11
2004 W13;8,731;2004;12
2004 W14;9,249;2004;13
2004 W15;9,338;2004;14
2004 W16;8,973;2004;15
2004 W17;9,255;2004;16
2004 W18;8,926;2004;17
2004 W19;9,373;2004;18
2004 W20;9,119;2004;19
2004 W21;9,154;2004;20
2004 W22;9,259;2004;21
2004 W23;9,045;2004;22
2004 W24;9,219;2004;23
2004 W25;9,194;2004;24
2004 W26;9,199;2004;25
2004 W27;9,398;2004;26
2004 W28;9,3;2004;27
2004 W29;8,84;2004;28
2004 W30;9,31;2004;29
2004 W31;9,263;2004;30
2004 W32;9,472;2004;31
2004 W33;9,521;2004;32
2004 W34;9,424;2004;33
2004 W35;9,267;2004;34
2004 W36;9,453;2004;35
2004 W37;9,234;2004;36
2004 W38;9,005;2004;37
2004 W39;8,922;2004;38
2004 W40;8,915;2004;39
2004 W41;8,917;2004;40
2004 W42;9,177;2004;41
2004 W43;8,883;2004;42
2004 W44;8,977;2004;43
2004 W45;9,217;2004;44
2004 W46;9,237;2004;45
2004 W47;8,988;2004;46
2004 W48;9,204;2004;47
2004 W49;9,107;2004;48
2004 W50;9,268;2004;49
2004 W51;9,068;2004;50
2004 W52;9,329;2004;51
2004 W53;9,287;2004;52
2005 W01;8,71;2005;1
2005 W02;8,695;2005;2
2005 W03;8,881;2005;3
2005 W04;8,848;2005;4
2005 W05;8,837;2005;5
2005 W06;8,825;2005;6
2005 W07;8,898;2005;7
2005 W08;8,884;2005;8
2005 W09;9,014;2005;9
2005 W10;9,131;2005;10
2005 W11;9,069;2005;11
2005 W12;9,075;2005;12
2005 W13;9,095;2005;13
2005 W14;9,089;2005;14
2005 W15;9,17;2005;15
2005 W16;9,306;2005;16
2005 W17;9,024;2005;17
2005 W18;9,175;2005;18
2005 W19;9,269;2005;19
2005 W20;9,443;2005;20
2005 W21;9,461;2005;21
2005 W22;9,451;2005;22
2005 W23;9,528;2005;23
2005 W24;9,313;2005;24
2005 W25;9,367;2005;25
2005 W26;9,721;2005;26
2005 W27;9,391;2005;27
2005 W28;9,415;2005;28
2005 W29;9,449;2005;29
2005 W30;9,586;2005;30
2005 W31;9,483;2005;31
2005 W32;9,408;2005;32
2005 W33;9,471;2005;33
2005 W34;9,406;2005;34
2005 W35;9,027;2005;35
2005 W36;8,636;2005;36
2005 W37;8,819;2005;37
2005 W38;8,836;2005;38
2005 W39;8,84;2005;39
2005 W40;8,783;2005;40
2005 W41;8,961;2005;41
2005 W42;8,981;2005;42
2005 W43;9,045;2005;43
2005 W44;9,246;2005;44
2005 W45;9,151;2005;45
2005 W46;9,124;2005;46
2005 W47;9,189;2005;47
2005 W48;9,221;2005;48
2005 W49;9,268;2005;49
2005 W50;9,326;2005;50
2005 W51;9,249;2005;51
2005 W52;9,358;2005;52
2006 W01;8,95;2006;1
2006 W02;8,859;2006;2
2006 W03;8,826;2006;3
2006 W04;8,879;2006;4
2006 W05;8,967;2006;5
2006 W06;9,083;2006;6
2006 W07;9,046;2006;7
2006 W08;8,951;2006;8
2006 W09;9,057;2006;9
2006 W10;9,106;2006;10
2006 W11;9,1;2006;11
2006 W12;9,054;2006;12
2006 W13;9,063;2006;13
2006 W14;9,297;2006;14
2006 W15;9,1;2006;15
2006 W16;9,012;2006;16
2006 W17;9,099;2006;17
2006 W18;9,346;2006;18
2006 W19;9,327;2006;19
2006 W20;9,193;2006;20
2006 W21;9,43;2006;21
2006 W22;9,367;2006;22
2006 W23;9,413;2006;23
2006 W24;9,429;2006;24
2006 W25;9,54;2006;25
2006 W26;9,645;2006;26
2006 W27;9,621;2006;27
2006 W28;9,569;2006;28
2006 W29;9,573;2006;29
2006 W30;9,639;2006;30
2006 W31;9,697;2006;31
2006 W32;9,53;2006;32
2006 W33;9,571;2006;33
2006 W34;9,61;2006;34
2006 W35;9,622;2006;35
2006 W36;9,368;2006;36
2006 W37;9,229;2006;37
2006 W38;9,287;2006;38
2006 W39;9,081;2006;39
2006 W40;9,242;2006;40
2006 W41;9,298;2006;41
2006 W42;9,511;2006;42
2006 W43;9,499;2006;43
2006 W44;9,256;2006;44
2006 W45;9,11;2006;45
2006 W46;9,149;2006;46
2006 W47;9,32;2006;47
2006 W48;9,477;2006;48
2006 W49;9,394;2006;49
2006 W50;9,491;2006;50
2006 W51;9,229;2006;51
2006 W52;9,247;2006;52
2007 W01;9,201;2007;1
2007 W02;9,06;2007;2
2007 W03;9,008;2007;3
2007 W04;9,09;2007;4
2007 W05;9,136;2007;5
2007 W06;9,061;2007;6
2007 W07;9,198;2007;7
2007 W08;9,121;2007;8
2007 W09;9,191;2007;9
2007 W10;9,158;2007;10
2007 W11;9,24;2007;11
2007 W12;9,25;2007;12
2007 W13;9,491;2007;13
2007 W14;9,472;2007;14
2007 W15;9,247;2007;15
2007 W16;9,163;2007;16
2007 W17;9,26;2007;17
2007 W18;9,344;2007;18
2007 W19;9,404;2007;19
2007 W20;9,433;2007;20
2007 W21;9,485;2007;21
2007 W22;9,495;2007;22
2007 W23;9,487;2007;23
2007 W24;9,591;2007;24
2007 W25;9,575;2007;25
2007 W26;9,557;2007;26
2007 W27;9,663;2007;27
2007 W28;9,71;2007;28
2007 W29;9,688;2007;29
2007 W30;9,662;2007;30
2007 W31;9,575;2007;31
2007 W32;9,572;2007;32
2007 W33;9,762;2007;33
2007 W34;9,626;2007;34
2007 W35;9,577;2007;35
2007 W36;9,393;2007;36
2007 W37;9,247;2007;37
2007 W38;9,235;2007;38
2007 W39;9,12;2007;39
2007 W40;9,2;2007;40
2007 W41;9,253;2007;41
2007 W42;9,373;2007;42
2007 W43;9,355;2007;43
2007 W44;9,367;2007;44
2007 W45;9,187;2007;45
2007 W46;9,222;2007;46
2007 W47;9,356;2007;47
2007 W48;9,266;2007;48
2007 W49;9,348;2007;49
2007 W50;9,287;2007;50
2007 W51;9,446;2007;51
2007 W52;9,286;2007;52
2008 W01;9,304;2008;53
2008 W02;9,116;2008;1
2008 W03;8,964;2008;2
2008 W04;8,94;2008;3
2008 W05;8,916;2008;4
2008 W06;9,02;2008;5
2008 W07;9,125;2008;6
2008 W08;9,045;2008;7
2008 W09;9,071;2008;8
2008 W10;9,131;2008;9
2008 W11;9,071;2008;10
2008 W12;9,116;2008;11
2008 W13;9,33;2008;12
2008 W14;9,286;2008;13
2008 W15;9,338;2008;14
2008 W16;9,215;2008;15
2008 W17;9,189;2008;16
2008 W18;9,311;2008;17
2008 W19;9,343;2008;18
2008 W20;9,359;2008;19
2008 W21;9,373;2008;20
2008 W22;9,129;2008;21
2008 W23;9,411;2008;22
2008 W24;9,251;2008;23
2008 W25;9,334;2008;24
2008 W26;9,357;2008;25
2008 W27;9,347;2008;26
2008 W28;9,344;2008;27
2008 W29;9,342;2008;28
2008 W30;9,468;2008;29
2008 W31;9,484;2008;30
2008 W32;9,446;2008;31
2008 W33;9,423;2008;32
2008 W34;9,411;2008;33
2008 W35;9,424;2008;34
2008 W36;9,09;2008;35
2008 W37;8,907;2008;36
2008 W38;8,741;2008;37
2008 W39;8,73;2008;38
2008 W40;8,691;2008;39
2008 W41;8,894;2008;40
2008 W42;9,065;2008;41
2008 W43;9,057;2008;42
2008 W44;9,095;2008;43
2008 W45;9,002;2008;44
2008 W46;8,962;2008;45
2008 W47;8,844;2008;46
2008 W48;8,933;2008;47
2008 W49;9,015;2008;48
2008 W50;9,175;2008;49
2008 W51;8,867;2008;50
2008 W52;9,106;2008;51
2009 W01;8,99;2009;52
2009 W02;8,758;2009;1
2009 W03;8,641;2009;2
2009 W04;8,65;2009;3
2009 W05;9,015;2009;4
2009 W06;9,006;2009;5
2009 W07;8,908;2009;6
2009 W08;9,01;2009;7
2009 W09;9,204;2009;8
2009 W10;8,972;2009;9
2009 W11;8,955;2009;10
2009 W12;9,1;2009;11
2009 W13;9,125;2009;12
2009 W14;9,024;2009;13
2009 W15;8,944;2009;14
2009 W16;9,136;2009;15
2009 W17;9,151;2009;16
2009 W18;8,923;2009;17
2009 W19;8,911;2009;18
2009 W20;9,232;2009;19
2009 W21;9,538;2009;20
2009 W22;9,02;2009;21
2009 W23;9,141;2009;22
2009 W24;9,354;2009;23
2009 W25;9,129;2009;24
2009 W26;9,053;2009;25
2009 W27;9,229;2009;26
2009 W28;9,163;2009;27
2009 W29;9,255;2009;28
2009 W30;9,171;2009;29
2009 W31;9,199;2009;30
2009 W32;8,951;2009;31
2009 W33;9,205;2009;32
2009 W34;9,105;2009;33
2009 W35;9,478;2009;34
2009 W36;9,283;2009;35
2009 W37;9,001;2009;36
2009 W38;8,79;2009;37
2009 W39;9,126;2009;38
2009 W40;9,269;2009;39
2009 W41;9,256;2009;40
2009 W42;8,95;2009;41
2009 W43;8,858;2009;42
2009 W44;9,015;2009;43
2009 W45;8,844;2009;44
2009 W46;9,015;2009;45
2009 W47;9,092;2009;46
2009 W48;8,943;2009;47
2009 W49;9,012;2009;48
2009 W50;8,963;2009;49
2009 W51;9,045;2009;50
2009 W52;9,074;2009;51
2009 W53;8,741;2009;52
2010 W01;8,74;2010;1
2010 W02;8,602;2010;2
2010 W03;8,619;2010;3
2010 W04;8,613;2010;4
2010 W05;8,766;2010;5
2010 W06;8,521;2010;6
2010 W07;9,064;2010;7
2010 W08;8,882;2010;8
2010 W09;8,992;2010;9
2010 W10;8,849;2010;10
2010 W11;9,087;2010;11
2010 W12;9,06;2010;12
2010 W13;9,076;2010;13
2010 W14;9,325;2010;14
2010 W15;9,152;2010;15
2010 W16;9,29;2010;16
2010 W17;9,282;2010;17
2010 W18;9,14;2010;18
2010 W19;9,092;2010;19
2010 W20;9,099;2010;20
2010 W21;9,174;2010;21
2010 W22;9,194;2010;22
2010 W23;9,338;2010;23
2010 W24;9,241;2010;24
2010 W25;9,462;2010;25
2010 W26;9,449;2010;26
2010 W27;9,08;2010;27
2010 W28;9,435;2010;28
2010 W29;9,632;2010;29
2010 W30;9,477;2010;30
2010 W31;9,236;2010;31
2010 W32;9,459;2010;32
2010 W33;9,375;2010;33
2010 W34;9,386;2010;34
2010 W35;9,263;2010;35
2010 W36;9,019;2010;36
2010 W37;8,847;2010;37
2010 W38;9,383;2010;38
2010 W39;8,989;2010;39
2010 W40;8,812;2010;40
2010 W41;8,891;2010;41
2010 W42;9,358;2010;42
2010 W43;9,015;2010;43
2010 W44;9,056;2010;44
2010 W45;8,952;2010;45
2010 W46;8,829;2010;46
2010 W47;8,867;2010;47
2010 W48;9,171;2010;48
2010 W49;9,349;2010;49
2010 W50;9,213;2010;50
2010 W51;9,399;2010;51
2010 W52;8,853;2010;52
2011 W01;8,819;2011;1
2011 W02;8,775;2011;2
2011 W03;8,632;2011;3
2011 W04;8,549;2011;4
2011 W05;8,524;2011;5
2011 W06;8,81;2011;6
2011 W07;9,101;2011;7
2011 W08;9,162;2011;8
2011 W09;9,192;2011;9
2011 W10;8,83;2011;10
2011 W11;9,074;2011;11
2011 W12;8,866;2011;12
2011 W13;8,853;2011;13
2011 W14;9,181;2011;14
2011 W15;9,062;2011;15
2011 W16;9,148;2011;16
2011 W17;8,943;2011;17
2011 W18;8,826;2011;18
2011 W19;9,048;2011;19
2011 W20;9,025;2011;20
2011 W21;9,431;2011;21
2011 W22;9,163;2011;22
2011 W23;9,37;2011;23
2011 W24;9,319;2011;24
2011 W25;9,261;2011;25
2011 W26;9,309;2011;26
2011 W27;9,016;2011;27
2011 W28;9,028;2011;28
2011 W29;8,999;2011;29
2011 W30;9,215;2011;30
2011 W31;9,244;2011;31
2011 W32;9,195;2011;32
2011 W33;9,009;2011;33
2011 W34;9,229;2011;34
2011 W35;8,956;2011;35
2011 W36;8,848;2011;36
2011 W37;8,858;2011;37
2011 W38;8,964;2011;38
2011 W39;8,959;2011;39
2011 W40;9,01;2011;40
2011 W41;8,598;2011;41
2011 W42;8,501;2011;42
2011 W43;8,518;2011;43
2011 W44;8,671;2011;44
2011 W45;8,625;2011;45
2011 W46;8,592;2011;46
2011 W47;8,769;2011;47
2011 W48;8,574;2011;48
2011 W49;8,666;2011;49
2011 W50;8,879;2011;50
2011 W51;8,923;2011;51
2011 W52;8,556;2011;52
2012 W01;8,179;2012;1
2012 W02;7,996;2012;2
2012 W03;8,098;2012;3
2012 W04;8,018;2012;4
2012 W05;8,039;2012;5
2012 W06;8,167;2012;6
2012 W07;8,628;2012;7
2012 W08;8,363;2012;8
2012 W09;8,262;2012;9
2012 W10;8,415;2012;10
2012 W11;8,379;2012;11
2012 W12;8,71;2012;12
2012 W13;8,783;2012;13
2012 W14;8,681;2012;14
2012 W15;8,775;2012;15
2012 W16;8,496;2012;16
2012 W17;8,692;2012;17
2012 W18;8,864;2012;18
2012 W19;8,971;2012;19
2012 W20;8,633;2012;20
2012 W21;8,931;2012;21
2012 W22;8,648;2012;22
2012 W23;9,13;2012;23
2012 W24;8,693;2012;24
2012 W25;8,846;2012;25
2012 W26;9,001;2012;26
2012 W27;8,917;2012;27
2012 W28;8,628;2012;28
2012 W29;8,66;2012;29
2012 W30;8,82;2012;30
2012 W31;8,839;2012;31
2012 W32;9,308;2012;32
2012 W33;9,081;2012;33
2012 W34;9,064;2012;34
2012 W35;9,177;2012;35
2012 W36;8,695;2012;36
2012 W37;8,632;2012;37
2012 W38;8,77;2012;38
2012 W39;8,633;2012;39
2012 W40;8,587;2012;40
2012 W41;8,729;2012;41
2012 W42;8,493;2012;42
2012 W43;8,844;2012;43
2012 W44;8,307;2012;44
2012 W45;8,908;2012;45
2012 W46;8,898;2012;46
2012 W47;8,427;2012;47
2012 W48;8,354;2012;48
2012 W49;8,488;2012;49
2012 W50;8,618;2012;50
2012 W51;8,608;2012;51
2012 W52;8,518;2012;52
2013 W01;8,01;2013;53
2013 W02;8,32;2013;1
2013 W03;8,431;2013;2
2013 W04;8,501;2013;3
2013 W05;8,415;2013;4
2013 W06;8,404;2013;5
2013 W07;8,437;2013;6
2013 W08;8,597;2013;7
2013 W09;8,364;2013;8
2013 W10;8,627;2013;9
2013 W11;8,324;2013;10
2013 W12;8,399;2013;11
2013 W13;8,523;2013;12
2013 W14;8,477;2013;13
2013 W15;8,383;2013;14
2013 W16;8,75;2013;15
2013 W17;8,415;2013;16
2013 W18;8,445;2013;17
2013 W19;8,341;2013;18
2013 W20;8,79;2013;19
2013 W21;8,956;2013;20
2013 W22;8,822;2013;21
2013 W23;8,648;2013;22
2013 W24;8,84;2013;23
2013 W25;8,894;2013;24
2013 W26;9,294;2013;25
2013 W27;9,299;2013;26
2013 W28;8,729;2013;27
2013 W29;8,982;2013;28
2013 W30;9,147;2013;29
2013 W31;9,246;2013;30
2013 W32;9,19;2013;31
2013 W33;9,2;2013;32
2013 W34;9,031;2013;33
2013 W35;9,094;2013;34
2013 W36;8,605;2013;35
2013 W37;9,028;2013;36
2013 W38;8,846;2013;37
2013 W39;8,527;2013;38
2013 W40;8,846;2013;39
2013 W41;9,077;2013;40
2013 W42;8,797;2013;41
2013 W43;9,054;2013;42
2013 W44;9,292;2013;43
2013 W45;9,032;2013;44
2013 W46;8,924;2013;45
2013 W47;8,909;2013;46
2013 W48;8,873;2013;47
2013 W49;8,348;2013;48
2013 W50;9,016;2013;49
2013 W51;9,176;2013;50
2013 W52;8,893;2013;51
2014 W01;8,274;2014;52
2014 W02;8,021;2014;1
2014 W03;8,059;2014;2
2014 W04;8,584;2014;3
2014 W05;8,452;2014;4
2014 W06;8,325;2014;5
2014 W07;8,03;2014;6
2014 W08;8,535;2014;7
2014 W09;8,411;2014;8
2014 W10;8,949;2014;9
2014 W11;8,512;2014;10
2014 W12;9,002;2014;11
2014 W13;8,713;2014;12
2014 W14;8,996;2014;13
2014 W15;8,616;2014;14
2014 W16;8,43;2014;15
2014 W17;8,693;2014;16
2014 W18;8,719;2014;17
2014 W19;9,191;2014;18
2014 W20;9,174;2014;19
2014 W21;9,31;2014;20
2014 W22;9,104;2014;21
2014 W23;8,624;2014;22
2014 W24;9,258;2014;23
2014 W25;8,813;2014;24
2014 W26;9,168;2014;25
2014 W27;8,935;2014;26
2014 W28;9,057;2014;27
2014 W29;8,792;2014;28
2014 W30;9,006;2014;29
2014 W31;9,359;2014;30
2014 W32;8,922;2014;31
2014 W33;8,775;2014;32
2014 W34;9,1;2014;33
2014 W35;9,48;2014;34
2014 W36;8,611;2014;35
2014 W37;8,707;2014;36
2014 W38;8,781;2014;37
2014 W39;8,66;2014;38
2014 W40;8,645;2014;39
2014 W41;9,043;2014;40
2014 W42;8,836;2014;41
2014 W43;8,867;2014;42
2014 W44;9,162;2014;43
2014 W45;9,005;2014;44
2014 W46;9,194;2014;45
2014 W47;9,254;2014;46
2014 W48;9,425;2014;47
2014 W49;8,549;2014;48
2014 W50;9,373;2014;49
2014 W51;9,518;2014;50
2014 W52;9,614;2014;51
2015 W01;8,809;2015;52
2015 W02;8,875;2015;1
2015 W03;8,851;2015;2
2015 W04;9,022;2015;3
2015 W05;8,442;2015;4
2015 W06;8,282;2015;5
2015 W07;8,809;2015;6
2015 W08;8,915;2015;7
2015 W09;8,63;2015;8
2015 W10;8,515;2015;9
2015 W11;9,26;2015;10
2015 W12;8,619;2015;11
2015 W13;9,435;2015;12
2015 W14;8,61;2015;13
2015 W15;8,914;2015;14
2015 W16;9,185;2015;15
2015 W17;8,92;2015;16
2015 W18;8,785;2015;17
2015 W19;9,201;2015;18
2015 W20;9,261;2015;19
2015 W21;9,734;2015;20
2015 W22;8,978;2015;21
2015 W23;9,6;2015;22
2015 W24;9,176;2015;23
2015 W25;9,655;2015;24
2015 W26;9,731;2015;25
2015 W27;9,532;2015;26
2015 W28;9,404;2015;27
2015 W29;9,749;2015;28
2015 W30;9,339;2015;29
2015 W31;9,687;2015;30
2015 W32;9,686;2015;31
2015 W33;9,705;2015;32
2015 W34;9,189;2015;33
2015 W35;9,438;2015;34
2015 W36;9,017;2015;35
2015 W37;8,983;2015;36
2015 W38;9,215;2015;37
2015 W39;9,021;2015;38
2015 W40;8,958;2015;39
2015 W41;9,137;2015;40
2015 W42;9,157;2015;41
2015 W43;9,343;2015;42
2015 W44;9,184;2015;43
2015 W45;9,388;2015;44
2015 W46;9,054;2015;45
2015 W47;8,921;2015;46
2015 W48;9,281;2015;47
2015 W49;9,42;2015;48
2015 W50;9,22;2015;49
2015 W51;9,185;2015;50
2015 W52;9,395;2015;51
2015 W53;8,159;2015;52
2016 W01;8,5;2016;1
2016 W02;9,079;2016;2
2016 W03;8,941;2016;3
2016 W04;8,341;2016;4
2016 W05;9,122;2016;5
2016 W06;9,203;2016;6
2016 W07;9,576;2016;7
2016 W08;9,121;2016;8
2016 W09;9,411;2016;9
2016 W10;9,458;2016;10
2016 W11;9,503;2016;11
2016 W12;9,244;2016;12
2016 W13;9,224;2016;13
2016 W14;9,633;2016;14
2016 W15;9,444;2016;15
2016 W16;9,315;2016;16
2016 W17;9,502;2016;17
2016 W18;9,658;2016;18
2016 W19;9,755;2016;19
2016 W20;9,516;2016;20
2016 W21;9,716;2016;21
2016 W22;9,568;2016;22
2016 W23;9,762;2016;23
2016 W24;9,815;2016;24
2016 W25;9,709;2016;25
2016 W26;9,755;2016;26
2016 W27;9,671;2016;27
2016 W28;9,785;2016;28
2016 W29;9,797;2016;29
2016 W30;9,752;2016;30
2016 W31;9,769;2016;31
2016 W32;9,762;2016;32
2016 W33;9,659;2016;33
2016 W34;9,511;2016;34
2016 W35;9,595;2016;35
2016 W36;9,406;2016;36
2016 W37;9,65;2016;37
2016 W38;8,88;2016;38
2016 W39;9,39;2016;39
2016 W40;9,264;2016;40
2016 W41;8,798;2016;41
2016 W42;9,118;2016;42
2016 W43;9,183;2016;43
2016 W44;9,213;2016;44
2016 W45;9,359;2016;45
2016 W46;9,024;2016;46
2016 W47;9,08;2016;47
2016 W48;8,757;2016;48
2016 W49;8,874;2016;49
2016 W50;9,269;2016;50
2016 W51;9,278;2016;51
2016 W52;8,465;2016;52
2017 W01;8,47;2017;1
2017 W02;8,069;2017;2
2017 W03;8,039;2017;3
